"","siteyear","AssmtCode_1","AssmtYear_1","SiteCode_1","SiteName","years_sampled_2009","PropertyName_1","MetaComm_1","County","FULLSAMPLE","Latitude_1","Longitude_1","PONDAREA","PERIMETER","SWEEPS1","PSRE_SW_1","HELI_.SW_1","psrediss3","PSREECHINO_3","PSRERIB_3","Total.RIB","Total.Echino"
"1","BigPR_2009","BigPR_20090804",2009,"BigPR","Doan 7",1,"Doan Ranch","Henry","Santa Clara",1,37.023768,-121.468173,3323.8,296,13,0,2.692307692,10,4.3,0,0,43
"2","BNPND002_2009","BNPND002_20090512",2009,"BNPND002","BNPND002",4,"Briones Regional Park","Briones","Contra Costa",1,37.94566,-122.133961,1545.3,192,12,1.166666667,9.916666667,23,2.83,1.608695652,36.999999996,65.09
"3","BNPND005_2009","BNPND005_20090512",2009,"BNPND005","BNPND005",4,"Briones Regional Park","Briones","Contra Costa",1,37.9456526,-122.1420267,4468.8,351,14,2.571428571,0.071428571,12,5.17,0.166666667,2.000000004,62.04
"4","BNPND024_2009","BNPND024_20090608",2009,"BNPND024","BNPND024",4,"Briones Regional Park","Briones","Contra Costa",1,37.927101,-122.161295,846.7,106,10,2,2.5,10,3,0,0,30
"5","BoobRCO_2009","BoobRCO_20090610",2009,"BoobRCO","Boob",1,"Rancho Canada Del Oro Open Space","Silver Oaks","Santa Clara",1,37.118578,-121.750182,2727.7,237,10,0.8,3.4,10,5.5,7.5,75,55
"6","CA-BN003_2009","CA-BN003_20090512",2009,"CA-BN003","CA-BN003",4,"Briones Regional Park","Briones","Contra Costa",1,37.94433,-122.133747,1729.1,147,11,0.272727273,3.818181818,8,29,0.625,5,232
"7","CA-BN016_2009","CA-BN016_20090608",2009,"CA-BN016","CA-BN016",5,"Briones Regional Park","Briones","Contra Costa",1,37.931326,-122.16635,204.7,167,10,0.9,7.2,15,46.27,0,0,694.05
"8","CA-MUD65_2009","CA-MUD65_20090518",2009,"CA-MUD65","MUD65",5,"East Bay Municipal Utility District San Pablo Reservoir","Briones","Contra Costa",1,37.925558,-122.231172,912.3,150,12,1.833333333,38.41666667,10,30.7,0.3,3,307
"9","CA-MUD66_2009","CA-MUD66_20090518",2009,"CA-MUD66","MUD66",5,"East Bay Municipal Utility District San Pablo Reservoir","Briones","Contra Costa",1,37.921472,-122.226876,431.21,88,10,5.2,2.3,12,8.5,0.416666667,5.000000004,102
"10","CA-MUD67_2009","CA-MUD67_20090518",2009,"CA-MUD67","MUD67",5,"East Bay Municipal Utility District San Pablo Reservoir","Briones","Contra Costa",1,37.922114,-122.2181168,417.2,107,10,0.2,3.4,2,7,1.5,3,14
"11","CA-OH024_2009","CA-OH024_20090615",2009,"CA-OH024","CA-OH017",3,"Ohlone Regional Wilderness","Ohlone","Alameda",1,37.5130958,-121.7311203,281,71,10,9.6,6.1,10,1.8,0.3,3,18
"12","CA-ROSEN_2009","CA-ROSEN_20090605",2009,"CA-ROSEN","Rosendin Pond",3,"Anderson Lake County Park","Henry","Santa Clara",1,37.16203,-121.620861,6860.7,445,13,4.6923,1.38,28,136.71,41.46428571,1160.99999988,3827.88
"13","E3LV_2009","E3LV_20090618",2009,"E3LV","E3",1,"Los Vaqueros","Mount Diablo","Contra Costa",1,37.83302,-121.69619,544.1,92,10,0,0,13,30.69,0,0,398.97
"14","Frog_2009","Frog_20090509",2009,"Frog","Frog",6,"Silver Oaks Ostrich Farm","Silver Oaks","Santa Clara",1,37.085614,-121.739561,1553.3,140,12,22.83333333,19.58333333,23,15.09,14.30434783,329.00000009,347.07
"15","Hidden_2009","Hidden_20090509",2009,"Hidden","Hidden",6,"Silver Oaks Ostrich Farm","Silver Oaks","Santa Clara",1,37.089006,-121.739668,937.1,151,12,14.83333333,18.58333333,24,9.11,15.47222222,371.33333328,218.64
"16","HouseCL_2009","HouseCL_20090603",2009,"HouseCL","House",1,"Coyote Lake County Park","Henry","Santa Clara",1,37.110613,-121.56893,2528.1,199,11,1.727272727,0.363636364,13,5.15,0,0,66.95
"17","MTPND009_2009","MTPND009_20090511",2009,"MTPND009","MTPND009",2,"Morgan Territories Regional Park","Mount Diablo","Contra Costa",1,37.8205121,-121.7920734,225.2,50,10,14.9,29.7,12,2.25,1.5,18,27
"18","MUD115_2009","MUD115_20090604",2009,"MUD115","MUD115",1,"East Bay Municipal Utility District San Leandro Reservoir","San Leandro","Alameda",1,37.7947212,-122.0882611,1442.9,140,10,1.8,7,11,5.64,0,0,62.04
"19","MUD74_2009","MUD74_20090608",2009,"MUD74","MUD74",4,"East Bay Municipal Utility District San Pablo Reservoir","Briones","Contra Costa",1,37.93127,-122.174771,597.2,88,10,9.3,0.1,14,33.29,0.285714286,4.000000004,466.06
"20","MUD97_2009","MUD97_20090604",2009,"MUD97","MUD97",1,"East Bay Municipal Utility District San Leandro Reservoir","San Leandro","Alameda",1,37.8081701,-122.0815286,443.1,78,10,3.6,3.2,11,38.64,0,0,425.04
"21","NewtonCL_2009","NewtonCL_20090603",2009,"NewtonCL","Newton",1,"Coyote Lake County Park","Henry","Santa Clara",1,37.078809,-121.538596,479,82,10,1.2,5.7,19,26.26,3.842105263,72.999999997,498.94
"22","NoNameCL_2009","NoNameCL_20090603",2009,"NoNameCL","No Name",1,"Coyote Lake County Park","Henry","Santa Clara",1,37.081462,-121.533535,729.6,104,10,0.4,7.1,9,1.56,0,0,14.04
"23","NTalkGCP_2009","NTalkGCP_20090519",2009,"NTalkGCP","No Talk",5,"Joseph Grant County Park","Grant","Santa Clara",1,37.314528,-121.685424,584.4,88,10,4,7.3,12,2.33,0.25,3,27.96
"24","OHPND003_2009","OHPND003_20090615",2009,"OHPND003","OHPND003",1,"Ohlone Regional Wilderness","Ohlone","Alameda",1,37.5394616,-121.7225282,1018.1,121,10,3.8,2.3,20,9.05,9.65,193,181
"25","OHPND052_2009","OHPND052_20090609",2009,"OHPND052","OHPND052",1,"Sunol Regional Park","Ohlone","Alameda",1,37.5134221,-121.7768218,99.5,38,10,4.5,21.1,10,1,0,0,10
"26","PRPND008_2009","PRPND008_20090625",2009,"PRPND008","PRPND008",6,"Pleasanton Ridge Regional Park","Pleasanton","Alameda",1,37.61994388,-121.8914019,323.6,70,10,2.6,0.2,9,0,0,0,0
"27","PRPND009_2009","PRPND009_20090515",2009,"PRPND009","Murky Bullfrog",6,"Pleasanton Ridge Regional Park","Pleasanton","Alameda",1,37.64527893,-121.918319,1463.1,157,10,16,27,16,14.19,18.0625,289,227.04
"28","PRPND010_2009","PRPND010_20090515",2009,"PRPND010","Kevins",6,"Pleasanton Ridge Regional Park","Pleasanton","Alameda",1,37.64720844,-121.9192917,1059.1,142,10,7.9,4,15,13.93,8.4,126,208.95
"29","ReefPR_2009","ReefPR_20090617",2009,"ReefPR","Reefer",1,"Palassou Ridge Open Space","Henry","Santa Clara",1,37.099641,-121.522998,1604.2,166,10,0.4,20.7,22,34.95,10.13636364,223.00000008,768.9
"30","RLSNKGCP_2009","RLSNKGCP_20090519",2009,"RLSNKGCP","Rattlesnake Pond",5,"Joseph Grant County Park","Grant","Santa Clara",1,37.315144,-121.690974,1778.9,226,10,2.6,69.5,11,0.36,0,0,3.96
"31","RoopCL_2009","RoopCL_20090603",2009,"RoopCL","Roop",1,"Coyote Lake County Park","Henry","Santa Clara",1,37.063391,-121.522467,726.7,106,10,3.3,0.3,15,34.2,0,0,513
"32","SlimeALP_2009","SlimeALP_20090612",2009,"SlimeALP","Slime",1,"Anderson Lake County Park","Henry","Santa Clara",1,37.162086,-121.628987,821.7,127,10,0.1,0.2,8,13.5,1.125,9,108
"33","SNPND003_2009","SNPND003_20090513",2009,"SNPND003","SNPND003",1,"Sunol Regional Park","Ohlone","Alameda",1,37.5275407,-121.8300597,755.3,141,10,0.4,0,10,0.3,0.1,1,3
"34","VPPND006_2009","VPPND006_20090525",2009,"VPPND006","VPPND006",6,"Vargas Plateau Regional Preserve","Pleasanton","Alameda",1,37.585287,-121.935627,881.5,120,11,0.454545455,0.090909091,12,19.5,0,0,234
"35","WestBOR_2009","WestBOR_20090805",2009,"WestBOR","West Pond",2,"Blue Oaks Ranch Reserve","Grant","Santa Clara",1,37.379537,-121.746636,1159.7,137,NA,NA,NA,13,33.54,0,0,436.02
"36","C49_2009","C49_20090619",2009,"C49","C-49",1,"Henry Coe State Park","Henry","Santa Clara",1,37.110695,-121.44268,377.7,88,10,0.2,17,10,28.1,0,0,281
"37","CE03_2009","CE03_20090602",2009,"CE03","CE-03",1,"Henry Coe State Park","Henry","Santa Clara",1,37.119072,-121.385285,252.7,105,15,0,10,2,0,4.5,9,0
"38","DrLdPR_2009","DrLdPR_20090617",2009,"DrLdPR","Drug Lord",2,"Palassou Ridge Open Space","Henry","Santa Clara",1,37.096982,-121.510877,1455,158,10,1.8,23.1,13,9.92,5.307692308,69.000000004,128.96
"39","F6LV_2009","F6LV_20090521",2009,"F6LV","F6",1,"Los Vaqueros","Mount Diablo","Contra Costa",1,37.80153,-121.71608,1495.8,156,10,0.9,0.8,14,67.43,5.428571429,76.000000006,944.02
"40","ImScdPR_2009","ImScdPR_20090617",2009,"ImScdPR","I'm Scared",1,"Palassou Ridge Open Space","Henry","Santa Clara",1,37.1083,-121.519928,1683.8,120,10,0.3,3,16,16.94,1.0625,17,271.04
"41","MTPND008_2009","MTPND008_20090511",2009,"MTPND008","MTPND008",1,"Morgan Territories Regional Park","Mount Diablo","Contra Costa",1,37.8296588,-121.7905895,581,93,11,23.18181818,9.636363636,13,0.69,0,0,8.97
"42","MTPND022_2009","MTPND022_20090527",2009,"MTPND022","MTPND022",1,"Morgan Territories Regional Park","Mount Diablo","Contra Costa",1,37.826266,-121.851764,423.1,77,10,6,2.3,12,9.83,0.5,6,117.96
"43","MUD31_2009","MUD31_20090622",2009,"MUD31","MUD31",3,"East Bay Municipal Utility District San Pablo Reservoir","Briones","Contra Costa",1,37.958367,-122.21905,2207.7,185,10,0,1,10,0,0,0,0
"44","NorthGCP_2009","NorthGCP_20090522",2009,"NorthGCP","Ferrari Pond",4,"Joseph Grant County Park","Grant","Santa Clara",1,37.34675,-121.68752,559.2,93,14,3.928571429,0.071428571,11,0.09,0,0,0.99
"45","OHPND019_2009","OHPND019_20090615",2009,"OHPND019","OHPND019",1,"Ohlone Regional Wilderness","Ohlone","Alameda",1,37.5174223,-121.7142543,202.1,62,10,7.5,0.6,4,0,2,8,0
"46","PRNTH1_2009","PRNTH1_20090525",2009,"PRNTH1","PRNTH1",6,"Pleasanton Ridge Regional Park","Pleasanton","Alameda",1,37.670918,-121.956277,515,112,10,2,10.4,10,0.4,0,0,4
"47","PRPND007_2009","PRPND007_20090625",2009,"PRPND007","PRPND007",6,"Pleasanton Ridge Regional Park","Pleasanton","Alameda",1,37.62229074,-121.8866388,169.5,52,10,2.8,9.7,12,9.17,6.5,78,110.04
"48","CA-MANZA_2009","CA-MANZA_20090519",2009,"CA-MANZA","Manzanita",6,"Joseph Grant County Park","Grant","Santa Clara",1,37.311793,-121.657324,2308.8,208,10,2.8,4,11,39.55,0.727272727,7.999999997,435.05
"49","CA-OH017_2009","CA-OH017_20090615",2009,"CA-OH017","CA-OH017",2,"Ohlone Regional Wilderness","Ohlone","Alameda",1,37.5199134,-121.7148359,249.2,59,10,1.6,12,16,0.75,2.0625,33,12
"50","GDPND014_2009","GDPND014_20090514",2009,"GDPND014","GDPND014",5,"Garin/Dry Creek Pioneer Regional Park","Pleasanton","Alameda",1,37.629083,-122.011868,320.6,74,10,1.4,1,10,186.4,2.6,26,1864
"51","PRNTH2_2009","PRNTH2_20090525",2009,"PRNTH2","PRNTH2",6,"Pleasanton Ridge Regional Park","Pleasanton","Alameda",1,37.671443,-121.962415,590.8,90,10,0.4,0.5,10,2.1,0.1,1,21
"52","PRNTH3_2009","PRNTH3_20090525",2009,"PRNTH3","PRNTH3",6,"Pleasanton Ridge Regional Park","Pleasanton","Alameda",1,37.66782,-121.963636,404.4,82,10,12.4,25.8,43,111.44,21.97674419,945.00000017,4791.92
"53","SNPND007_2009","SNPND007_20090513",2009,"SNPND007","SNPND007",1,"Sunol Regional Park","Ohlone","Alameda",1,37.51578995,-121.8102699,1717.8,148,10,0.4,4,11,15,0.818181818,8.999999998,165
"54","WeedPR_2009","WeedPR_20090617",2009,"WeedPR","Weed",1,"Palassou Ridge Open Space","Henry","Santa Clara",1,37.084743,-121.483672,1001.2,134,10,0.2,2.8,11,6.91,0,0,76.01
"55","MTPND016_2009","MTPND016_20090527",2009,"MTPND016","MTPND016",2,"Morgan Territories Regional Park","Mount Diablo","Contra Costa",1,37.832696,-121.85106,457.3,83,10,4.2,1.7,12,3.08,0,0,36.96
"56","SNPND001_2009","SNPND001_20090513",2009,"SNPND001","SNPND001",2,"Sunol Regional Park","Ohlone","Alameda",1,37.5230715,-121.8095865,2992.6,218,10,7.6,12,14,1.86,0.071428571,0.999999994,26.04
"57","PRPND014_2009","PRPND014_20090515",2009,"PRPND014","Quick",6,"Pleasanton Ridge Regional Park","Pleasanton","Alameda",1,37.66135714,-121.9315074,3032.6,260,11,19.81818182,30.45454545,31,10.25,21.84375,677.15625,317.75
"58","GDPND005_2009","GDPND005_20090514",2009,"GDPND005","GDPND005",6,"Garin/Dry Creek Pioneer Regional Park","Pleasanton","Alameda",1,37.622541,-122.000243,884.3,141,10,1.6,2.2,11,0,0.545454545,5.999999995,0
"59","BcatRCO_2009","BcatRCO_20090610",2009,"BcatRCO","Bobcat",1,"Rancho Canada Del Oro Open Space","Silver Oaks","Santa Clara",1,37.12702,-121.76782,193.6,51,10,2.6,38.9,11,0,0,0,0
"60","BNPND020_2009","BNPND020_20090608",2009,"BNPND020","BNPND020",3,"Briones Regional Park","Briones","Contra Costa",1,37.936122,-122.162995,402.5,82,10,1.5,0.6,15,8.87,0,0,133.05
"61","BWRCO_2009","BWRCO_20090610",2009,"BWRCO","Barbed Wire",1,"Rancho Canada Del Oro Open Space","Silver Oaks","Santa Clara",1,37.13357,-121.76933,233.1,68,10,2.2,28.5,16,1.5,0,0,24
"62","C20_2009","C20_20090619",2009,"C20","C-20",1,"Henry Coe State Park","Henry","Santa Clara",1,37.145266,-121.476384,482,106,10,0.2,4.4,9,10.89,0,0,98.01
"63","C60_2009","C60_20090528",2009,"C60","Nice Pond",1,"Henry Coe State Park","Henry","Santa Clara",1,37.0590732,-121.4096686,337.3,72,10,5.9,5.7,10,15.1,1.9,19,151
"64","C68_2009","C68_20090528",2009,"C68","Fish Pond",1,"Henry Coe State Park","Henry","Santa Clara",1,37.063776,-121.446925,1381.4,259,10,0.7,6.2,16,5.19,1.4375,23,83.04
"65","CA-PIG_2009","CA-PIG_20090519",2009,"CA-PIG","Pig Pond",6,"Joseph Grant County Park","Grant","Santa Clara",1,37.306275,-121.674618,4402,326,12,5,3.333333333,12,105.42,30,360,1265.04
"66","F5LV_2009","F5LV_20090521",2009,"F5LV","F5",1,"Los Vaqueros","Mount Diablo","Contra Costa",1,37.80452,-121.71156,512.6,88,10,1.9,0.9,13,10.08,0,0,131.04
"67","GDPND008_2009","GDPND008_20090514",2009,"GDPND008","GDPND008",6,"Garin/Dry Creek Pioneer Regional Park","Pleasanton","Alameda",1,37.642965,-122.04048,577.44,92,10,5.6,4.9,14,4.14,0,0,57.96
"68","H1LV_2009","H1LV_20090520",2009,"H1LV","H1",1,"Los Vaqueros","Mount Diablo","Contra Costa",1,37.78009,-121.76174,691.2,119,10,1.1,5.4,12,16.08,36,432,192.96
"69","OHPND010_2009","OHPND010_20090615",2009,"OHPND010","OHPND010",3,"Ohlone Regional Wilderness","Ohlone","Alameda",1,37.5267397,-121.7012867,206.5,62,10,2.6,21.9,19,12.74,6.315789474,120.000000006,242.06
"70","OHPND039_2009","OHPND039_20090609",2009,"OHPND039","OHPND039",1,"Ohlone Regional Wilderness","Ohlone","Alameda",1,37.5170749,-121.7729727,647.9,96,10,0.6,29.8,10,13.1,4.2,42,131
"71","P20_2009","P20_20090602",2009,"P20","P-20",1,"Henry Coe State Park","Henry","Santa Clara",1,37.112303,-121.371803,1208.4,150,10,0.1,10.8,9,20.56,1.444444444,12.999999996,185.04
"72","TGIF_2009","TGIF_20090515",2009,"TGIF","TGIF",6,"Pleasanton Ridge Regional Park","Pleasanton","Alameda",1,37.636306,-121.913061,646.6,142,10,0.8,16.1,15,29.87,24.4,366,448.05
"73","C30_2009","C30_20090528",2009,"C30","Long Dam Pond",1,"Henry Coe State Park","Henry","Santa Clara",1,37.076426,-121.4092572,883.2,150,10,1,23.4,10,53.6,0,0,536
"74","G5LV_2009","G5LV_20090521",2009,"G5LV","G5",1,"Los Vaqueros","Mount Diablo","Contra Costa",1,37.77731,-121.72082,2836,228,10,1.4,2.5,10,6.6,5.6,56,66
"75","I2LV_2009","I2LV_20090520",2009,"I2LV","I2",1,"Los Vaqueros","Mount Diablo","Contra Costa",1,37.81709,-121.78767,1810,298,11,0.454545455,0.636363636,11,11,5.363636364,59.000000004,121
"76","PRPND015_2009","PRPND015_20090515",2009,"PRPND015","Sheep",6,"Pleasanton Ridge Regional Park","Pleasanton","Alameda",1,37.658097,-121.928906,275.9,95,10,9.3,24.2,60,5.23,42.36666667,2542.0000002,313.8
"77","SNPND015_2009","SNPND015_20090513",2009,"SNPND015","SNPND015",1,"Sunol Regional Park","Ohlone","Alameda",1,37.5178903,-121.8169043,694.5,122,11,5.090909091,0,10,8,0.1,1,80
"78","MTPND010_2009","MTPND010_20090511",2009,"MTPND010","MTPND010",1,"Morgan Territories Regional Park","Mount Diablo","Contra Costa",1,37.820874,-121.794774,2490.4,209.2,18,0.333333333,0.277777778,14,6.36,2.642857143,37.000000002,89.04
"79","CA-BN018_2009","CA-BN018_20090608",2009,"CA-BN018","CA-BN018",5,"Briones Regional Park","Briones","Contra Costa",1,37.939884,-122.167815,315.6,77,10,2.2,15.4,13,13.69,26.07692308,339.00000004,177.97
"80","G3LV_2009","G3LV_20090521",2009,"G3LV","G3",1,"Los Vaqueros","Mount Diablo","Contra Costa",1,37.782634,-121.730694,1115.4,145,10,0.5,0.1,7,6.86,0.285714286,2.000000002,48.02
"81","5CN1_2010","5CN1_20100526",2010,"5CN1","5 Canyons 1",3,"5 Canyons Regional Park","Pleasanton","Alameda",1,37.687079,-122.027621,421.9,77,4,3.25,0,12,14.17,0,0,170.04
"82","5CN2_2010","5CN2_20100526",2010,"5CN2","5 Canyons 2",3,"5 Canyons Regional Park","Pleasanton","Alameda",1,37.687453,-122.028454,516,117,4,5.25,0,11,12.64,0,0,139.04
"83","5CN3_2010","5CN3_20100526",2010,"5CN3","5 Canyons 3",3,"5 Canyons Regional Park","Pleasanton","Alameda",1,37.685451,-122.035217,2225.7,214,4,0,0,10,0,0,0,0
"84","8AMDSP_2010","8AMDSP_20100701",2010,"8AMDSP","Upper Chase",1,"Mount Diablo State Park","Mount Diablo","Contra Costa",1,37.861568,-121.916087,352.2,72,10,0.2,11.5,10,0,0,0,0
"85","Barn_2010","Barn_20100625",2010,"Barn","Barn",6,"Silver Oaks Ostrich Farm","Silver Oaks","Santa Clara",1,37.09375,-121.740349,3381.8,276,11,0,0.181818182,9,2.22,0,0,19.98
"86","Beaver_2010","Beaver_20100625",2010,"Beaver","Beaver",6,"Silver Oaks Ostrich Farm","Silver Oaks","Santa Clara",1,37.088701,-121.743991,3574.4,362,5,0,0,14,4.57,0,0,63.98
"87","CA-BN003_2010","CA-BN003_20100603",2010,"CA-BN003","CA-BN003",4,"Briones Regional Park","Briones","Contra Costa",1,37.94433,-122.133747,1362,146,10,0.1,48.9,6,631.5,30.5,183,3789
"88","CA-BN016_2010","CA-BN016_20100603",2010,"CA-BN016","CA-BN016",5,"Briones Regional Park","Briones","Contra Costa",1,37.931326,-122.16635,702,120,10,1.8,2.2,14,28.29,15.07142857,210.99999998,396.06
"89","CA-MUD67_2010","CA-MUD67_20100604",2010,"CA-MUD67","MUD67",5,"East Bay Municipal Utility District San Pablo Reservoir","Briones","Contra Costa",1,37.922114,-122.2181168,968.2715,NA,10,0.3,5.7,7,67.14,17.57142857,122.99999999,469.98
"90","CA-OH017_2010","CA-OH017_20100609",2010,"CA-OH017","CA-OH017",2,"Ohlone Regional Wilderness","Ohlone","Alameda",1,37.5199134,-121.7148359,276.5,46.6,10,2.6,19,10,3.3,1.3,13,33
"91","CA-ROSEN_2010","CA-ROSEN_20100617",2010,"CA-ROSEN","Rosendin Pond",3,"Anderson Lake County Park","Henry","Santa Clara",1,37.16203,-121.620861,13267,NA,10,0.1,1.1,15,8.69,11.75,176.25,130.35
"92","CA-SHROM_2010","CA-SHROM_20100614",2010,"CA-SHROM","Shroom",1,"Palassou Ridge Open Space","Henry","Santa Clara",1,37.10847,-121.52113,1092,503,10,2,1.3,10,4.8,0,0,48
"93","DRVL_2010","DRVL_20100524",2010,"DRVL","Deer Valley",2,"Joseph Grant County Park","Grant","Santa Clara",1,37.359786,-121.698716,2623.8,215,11,6.454545455,19.36363636,9,307.11,0,0,2763.99
"94","DVPND003_2010","DVPND003_20100604",2010,"DVPND003","DVPND003",1,"Del Valle Regional Park","Ohlone","Alameda",1,37.584052,-121.68586,1545.1,204,13,0.230769231,2.461538462,10,2.6,0,0,26
"95","FishCamp_2010","FishCamp_20100622",2010,"FishCamp","Fish Camp Pond",2,"Calero Reservoir County Park","Silver Oaks","Santa Clara",1,37.165959,-121.780824,2671.6,246,10,0.3,1.3,11,0,0.454545455,5.000000005,0
"96","Frog_2010","Frog_20100625",2010,"Frog","Frog",6,"Silver Oaks Ostrich Farm","Silver Oaks","Santa Clara",1,37.085614,-121.739561,1405.6,157,10,0.4,0.2,26,67.69,6.384615385,166.00000001,1759.94
"97","GDLP_2010","GDLP_20100622",2010,"GDLP","Guadeloupe Pond",1,"Almaden Quicksilver","Silver Oaks","Santa Clara",1,37.19739,-121.87159,103,39,10,15.9,0,13,2.23,0,0,28.99
"98","GDPND008_2010","GDPND008_20100614",2010,"GDPND008","GDPND008",6,"Garin/Dry Creek Pioneer Regional Park","Pleasanton","Alameda",1,37.642965,-122.04048,897.3,142,10,0.5,2.4,23,33.3,0.869565217,19.999999991,765.9
"99","GDPND014_2010","GDPND014_20100614",2010,"GDPND014","GDPND014",5,"Garin/Dry Creek Pioneer Regional Park","Pleasanton","Alameda",1,37.629083,-122.011868,413.8,93,10,1.5,0.8,10,2709.6,0.1,1,27096
"100","Hidden_2010","Hidden_20100625",2010,"Hidden","Hidden",6,"Silver Oaks Ostrich Farm","Silver Oaks","Santa Clara",1,37.089006,-121.739668,1118.4,208,10,1.3,5.3,21,24.44,13.32352941,279.79411761,513.24
"101","HMDSP_2010","HMDSP_20100701",2010,"HMDSP","Hidden MDSP",1,"Mount Diablo State Park","Mount Diablo","Contra Costa",1,37.862093,-121.910357,611.1,98,10,4.2,6,10,0.4,0.3,3,4
"102","KAMM_2010","KAMM_20100524",2010,"KAMM","Kammerer",3,"Joseph Grant County Park","Grant","Santa Clara",1,37.363084,-121.731918,1584.5,198,13,2.076923077,3.307692308,20,116.45,0,0,2329
"103","MTPND009_2010","MTPND009_20100614",2010,"MTPND009","MTPND009",2,"Morgan Territories Regional Park","Mount Diablo","Contra Costa",1,37.8205121,-121.7920734,393,246,10,0.3,3.9,10,0,1.4,14,0
"104","MTPND014_2010","MTPND014_20100521",2010,"MTPND014","MTPND014",1,"Morgan Territories Regional Park","Mount Diablo","Contra Costa",1,37.82662,-121.830941,2266.9,244,10,19.3,89.5,18,9.11,0,0,163.98
"105","MUD102_2010","MUD102_20100702",2010,"MUD102","MUD102",1,"East Bay Municipal Utility District San Leandro Reservoir","San Leandro","Alameda",1,37.799082,-122.095021,214.3,56,10,0.2,0.5,10,6.3,0,0,63
"106","MUD17_2010","MUD17_20100520",2010,"MUD17","FYI Pond",2,"East Bay Municipal Utility District San Pablo Reservoir","Briones","Contra Costa",1,37.980927,-122.212919,811,108,5,NA,NA,10,19.5,0,0,195
"107","MUD20_2010","MUD20_20100520",2010,"MUD20","MUD20",2,"East Bay Municipal Utility District San Pablo Reservoir","Briones","Contra Costa",1,37.97721,-122.212187,283.7,59,10,7.2,11.4,10,3.2,0,0,32
"108","MUD34_2010","MUD34_20100520",2010,"MUD34","MUD34",2,"East Bay Municipal Utility District San Pablo Reservoir","Briones","Contra Costa",1,37.974672,-122.205468,190.1,55,10,11.5,2.1,10,344.9,0,0,3449
"109","MUD41_2010","MUD41_20100517",2010,"MUD41","Rainy Day",4,"East Bay Municipal Utility District San Pablo Reservoir","Briones","Contra Costa",1,37.940023,-122.236489,332.9,71,10,5,4.2,19,7.42,0,0,140.98
"110","MUD46_2010","MUD46_20100628",2010,"MUD46","MUD46 Pumphouse",3,"East Bay Municipal Utility District San Pablo Reservoir","Briones","Contra Costa",1,37.9481,-122.232837,785,168,10,0.2,2.5,10,19.1,0,0,191
"111","MUD98_2010","MUD98_20100702",2010,"MUD98","MUD98",1,"East Bay Municipal Utility District San Leandro Reservoir","San Leandro","Alameda",1,37.806841,-122.083523,454.2,78,10,0.8,18.7,10,870,1.1,11,8700
"112","OHPND007_2010","OHPND007_20100518",2010,"OHPND007","OHPND007",1,"Ohlone Regional Wilderness","Ohlone","Alameda",1,37.526436,-121.6998,161.1,50,10,8.7,17.1,10,0.1,3,30,1
"113","OHPND047_2010","OHPND047_20100623",2010,"OHPND047","OHPND047",1,"Ohlone Regional Wilderness","Ohlone","Alameda",1,37.534756,-121.78703,135.3,49,10,18.2,10.4,10,1,0,0,10
"114","PLOS_2010","PLOS_20100616",2010,"PLOS","Plano Oasis",1,"Henry Coe State Park","Henry","Santa Clara",1,37.14969,-121.373873,247.4,65,10,1.2,7.1,10,29.4,1.1,11,294
"115","POGCP_2010","POGCP_20100527",2010,"POGCP","Poison Oak",1,"Joseph Grant County Park","Grant","Santa Clara",1,37.304184,-121.69777,275.123,96,10,14.7,6.9,10,28.3,0,0,283
"116","PRPND001_2010","PRPND001_20100611",2010,"PRPND001","PRPND001",5,"Pleasanton Ridge Regional Park","Pleasanton","Alameda",1,37.59859168,-121.8883578,385.2,61,4,1.75,0,10,0,0,0,0
"117","PRPND002_2010","PRPND002_20100611",2010,"PRPND002","PRPND002",6,"Pleasanton Ridge Regional Park","Pleasanton","Alameda",1,37.607681,-121.890551,547.2,76,5,0.4,0,10,0,0,0,0
"118","PRPND004_2010","PRPND004_20100611",2010,"PRPND004","PRPND004",6,"Pleasanton Ridge Regional Park","Pleasanton","Alameda",1,37.61920895,-121.8978667,1381.4,163,5,0,0,2,17,0,0,34
"119","PRPND007_2010","PRPND007_20100611",2010,"PRPND007","PRPND007",6,"Pleasanton Ridge Regional Park","Pleasanton","Alameda",1,37.62229074,-121.8866388,344.8,67,10,1.2,19.1,19,0,0,0,0
"120","PRPND009_2010","PRPND009_20100609",2010,"PRPND009","Murky Bullfrog",6,"Pleasanton Ridge Regional Park","Pleasanton","Alameda",1,37.64527893,-121.918319,1871.8,161,10,0.2,13,27,11.11,4.37037037,117.99999999,299.97
"121","PRPND010_2010","PRPND010_20100609",2010,"PRPND010","Kevins",6,"Pleasanton Ridge Regional Park","Pleasanton","Alameda",1,37.64720844,-121.9192917,997.6,146,10,0.7,50.3,29,33.24,2.172413793,62.999999997,963.96
"122","PRPND012_2010","PRPND012_20100609",2010,"PRPND012","Turtle",6,"Pleasanton Ridge Regional Park","Pleasanton","Alameda",1,37.65705884,-121.9413617,4130.9,271,5,0.2,0,20,13.75,0.5,10,275
"123","PRTY01_2010","PRTY01_20100528",2010,"PRTY01","PRTY01",5,"Pleasanton Ridge Regional Park","Pleasanton","Alameda",1,37.608427,-121.90598,917.86,74,5,4,0,10,0,0,0,0
"124","TOADGCP_2010","TOADGCP_20100527",2010,"TOADGCP","Toad",1,"Joseph Grant County Park","Grant","Santa Clara",1,37.331715,-121.702629,473.17,42,10,4.6,0.7,9,0,0,0,0
"125","VPPND003_2010","VPPND003_20100615",2010,"VPPND003","VPPND003",1,"Vargas Plateau Regional Preserve","Pleasanton","Alameda",1,37.58281,-121.942208,417.6,78,6,0,0,9,0,0,0,0
"126","VPPND005_2010","VPPND005_20100615",2010,"VPPND005","VPPND005",3,"Vargas Plateau Regional Preserve","Pleasanton","Alameda",1,37.589796,-121.944432,342.1,106,5,0,0,10,705.7,4.4,44,7057
"127","VPPND006_2010","VPPND006_20100615",2010,"VPPND006","VPPND006",6,"Vargas Plateau Regional Preserve","Pleasanton","Alameda",1,37.585287,-121.935627,939.6,110,10,0.6,1.3,9,213.67,0.111111111,0.999999999,1923.03
"128","WDMLGCP_2010","WDMLGCP_20100621",2010,"WDMLGCP","WindmillGCP",5,"Joseph Grant County Park","Grant","Santa Clara",1,37.366626,-121.72693,88.7,54,10,0.4,23.7,10,5.7,0,0,57
"129","20MDSP_2010","20MDSP_20100705",2010,"20MDSP","Bob's Pond",1,"Mount Diablo State Park","Mount Diablo","Contra Costa",1,37.852177,-121.870544,505.4,102,10,0.8,0.6,10,0,0,0,0
"130","5CN4_2010","5CN4_20100615",2010,"5CN4","5 Canyons 4",3,"5 Canyons Regional Park","Pleasanton","Alameda",1,37.677956,-122.035447,1888.1,192,4,1.5,0,10,0,0,0,0
"131","Big_2010","Big_20100610",2010,"Big","Big Lake",1,"Blue Oaks Ranch Reserve","Grant","Santa Clara",1,37.380341,-121.74056,12264,855,10,0.7,9.3,10,8,0,0,80
"132","BOGCP_2010","BOGCP_20100621",2010,"BOGCP","Blue Oak",2,"Joseph Grant County Park","Grant","Santa Clara",1,37.364346,-121.72864,180.2,55,10,1.6,4.8,11,30,0,0,330
"133","CA-MANZA_2010","CA-MANZA_20100621",2010,"CA-MANZA","Manzanita",6,"Joseph Grant County Park","Grant","Santa Clara",1,37.311793,-121.657324,379.5,NA,10,0.8,0.6,10,10.9,0.4,4,109
"134","CA-MUD65_2010","CA-MUD65_20100610",2010,"CA-MUD65","MUD65",5,"East Bay Municipal Utility District San Pablo Reservoir","Briones","Contra Costa",1,37.925558,-122.231172,1006,NA,10,2.2,26.3,9,18.44,56.11111111,504.99999999,165.96
"135","CA-MUD66_2010","CA-MUD66_20100607",2010,"CA-MUD66","MUD66",5,"East Bay Municipal Utility District San Pablo Reservoir","Briones","Contra Costa",1,37.921472,-122.226876,594.2,NA,10,0.3,7.1,9,57.22,50.22222222,451.99999998,514.98
"136","CA-OH024_2010","CA-OH024_20100608",2010,"CA-OH024","CA-OH024",3,"Ohlone Regional Wilderness","Ohlone","Alameda",1,37.5130958,-121.7311203,238,67.7,10,2.2,2.3,10,0,0,0,0
"137","CA-PIG_2010","CA-PIG_20100616",2010,"CA-PIG","Pig Pond",6,"Joseph Grant County Park","Grant","Santa Clara",1,37.306275,-121.674618,4624,NA,10,1,2.7,10,31.2,5,50,312
"138","Dowdy_2010","Dowdy_20100616",2010,"Dowdy","Dowdy",1,"Henry Coe State Park","Henry","Santa Clara",1,37.112586,-121.355927,458.6,80,10,5.2,26.9,10,30.1,1.2,12,301
"139","DVPND002_2010","DVPND002_20100604",2010,"DVPND002","DVPND002",1,"Del Valle Regional Park","Ohlone","Alameda",1,37.583451,-121.684008,789.8,127,10,0.4,1.4,10,4.6,1.1,11,46
"140","GDPND005_2010","GDPND005_20100614",2010,"GDPND005","GDPND005",6,"Garin/Dry Creek Pioneer Regional Park","Pleasanton","Alameda",1,37.622541,-122.000243,830.1,113,10,0.9,8.9,11,29.27,0.545454545,5.999999995,321.97
"141","GDPND006_2010","GDPND006_20100614",2010,"GDPND006","GDPND006",6,"Garin/Dry Creek Pioneer Regional Park","Pleasanton","Alameda",1,37.624493,-122.004644,863.7,110,6,2.67,0,10,1,0.3,3,10
"142","HeronGCP_2010","HeronGCP_20100524",2010,"HeronGCP","HeronGCP",3,"Joseph Grant County Park","Grant","Santa Clara",1,37.341255,-121.736408,885.9,123,11,4.636363636,0,18,2.67,0.444444444,7.999999992,48.06
"143","LLTNC_2010","LLTNC_20100630",2010,"LLTNC","Lower Leakey",2,"The Nature Conservancy Kammerer Ranch","Grant","Santa Clara",1,37.405498,-121.731179,1124.2,179,10,0.2,5.1,8,61.75,0,0,494
"144","MTPND016_2010","MTPND016_20100614",2010,"MTPND016","MTPND016",2,"Morgan Territories Regional Park","Mount Diablo","Contra Costa",1,37.832696,-121.85106,719,NA,10,0.6,5.1,10,0.8,0.2,2,8
"145","MUD105_2010","MUD105_20100702",2010,"MUD105","MUD105",1,"East Bay Municipal Utility District San Leandro Reservoir","San Leandro","Alameda",1,37.797108,-122.083321,188.1,54,10,4.1,0.4,10,2.6,0,0,26
"146","MUD35_2010","MUD35_20100628",2010,"MUD35","MUD35",2,"East Bay Municipal Utility District San Pablo Reservoir","Briones","Contra Costa",1,37.951492,-122.246684,175.7,67,10,2,0.3,10,1553.5,0,0,15535
"147","MUD85_2010","MUD85_20100629",2010,"MUD85","MUD85",1,"East Bay Municipal Utility District San Pablo Reservoir","Briones","Contra Costa",1,37.898079,-122.226642,5994.9,365,10,0.3,6.2,11,0.45,0,0,4.95
"148","NBOR_2010","NBOR_20100610",2010,"NBOR","North",2,"Blue Oaks Ranch Reserve","Grant","Santa Clara",1,37.388181,-121.747062,156.3,45,10,2.5,19.1,10,27.9,0,0,279
"149","OHPND032_2010","OHPND032_20100623",2010,"OHPND032","OHPND032",2,"Ohlone Regional Wilderness","Ohlone","Alameda",1,37.525824,-121.78971,98.9,36,10,9.1,11.1,10,0.9,4,40,9
"150","PRNTH1_2010","PRNTH1_20100609",2010,"PRNTH1","PRNTH1",6,"Pleasanton Ridge Regional Park","Pleasanton","Alameda",1,37.670918,-121.956277,1054.4,133,10,3.5,21,18,15.78,6.111111111,109.999999998,284.04
"151","PRNTH2_2010","PRNTH2_20100609",2010,"PRNTH2","PRNTH2",6,"Pleasanton Ridge Regional Park","Pleasanton","Alameda",1,37.671443,-121.962415,706.1,108,10,1.5,2.8,14,38.79,27.07142857,378.99999998,543.06
"152","PRNTH3_2010","PRNTH3_20100609",2010,"PRNTH3","PRNTH3",6,"Pleasanton Ridge Regional Park","Pleasanton","Alameda",1,37.66782,-121.963636,718.8,100,10,7.5,24.1,27,18.11,7.777777778,210.000000006,488.97
"153","PRPND008_2010","PRPND008_20100611",2010,"PRPND008","PRPND008",6,"Pleasanton Ridge Regional Park","Pleasanton","Alameda",1,37.61994388,-121.8914019,703.1,92,10,2.8,1.9,20,1.75,0,0,35
"154","PRPND015_2010","PRPND015_20100609",2010,"PRPND015","Sheep",6,"Pleasanton Ridge Regional Park","Pleasanton","Alameda",1,37.658097,-121.928906,459.1,91,10,3.2,29.9,10,14.83,12.79166667,127.9166667,148.3
"155","PRTY03_2010","PRTY03_20100528",2010,"PRTY03","PRTY03",4,"Pleasanton Ridge Regional Park","Pleasanton","Alameda",1,37.601461,-121.896337,1118.49,103,10,1.4,1.9,10,0.1,0,0,1
"156","VPPND001_2010","VPPND001_20100615",2010,"VPPND001","VPPND001",4,"Vargas Plateau Regional Preserve","Pleasanton","Alameda",1,37.578186,-121.939306,978.5,124,5,0.4,0,11,115.64,0,0,1272.04
"157","WASHGCP_2010","WASHGCP_20100621",2010,"WASHGCP","Washburn",3,"Joseph Grant County Park","Grant","Santa Clara",1,37.368716,-121.723332,286.3,56,10,2.3,28.6,9,0.67,0,0,6.03
"158","WMBOR_2010","WMBOR_20100610",2010,"WMBOR","WindmillBOR",5,"Blue Oaks Ranch Reserve","Grant","Santa Clara",1,37.387558,-121.748566,54,27,7,10.14285714,0.428571429,11,0.18,0,0,1.98
"159","CA-EDWD_2010","CA-EDWD_20100524",2010,"CA-EDWD","Edwards",3,"Joseph Grant County Park","Grant","Santa Clara",1,37.345252,-121.73947,3598.3,130,12,1.17,1.25,10,18.2,0,0,182
"160","GDPND009_2010","GDPND009_20100603",2010,"GDPND009","GDPND009",5,"Garin/Dry Creek Pioneer Regional Park","Pleasanton","Alameda",1,37.635227,-122.024623,490.5,106,5,2,3.1,9,0,0,0,0
"161","KIDNGCP_2010","KIDNGCP_20100621",2010,"KIDNGCP","Kidney",1,"Joseph Grant County Park","Grant","Santa Clara",1,37.318752,-121.670827,163.9,64,10,5,8.7,10,3.8,0,0,38
"162","MUD23_2010","MUD23_20100628",2010,"MUD23","MUD23",3,"East Bay Municipal Utility District San Pablo Reservoir","Briones","Contra Costa",1,37.954864,-122.244778,284.7,85,10,0.7,7.2,11,17.91,2.181818182,24.000000002,197.01
"163","OHPND021_2010","OHPND021_20100518",2010,"OHPND021","OHPND021",2,"Ohlone Regional Wilderness","Ohlone","Alameda",1,37.514543,-121.70156,2251.2,208,10,2.1,0.5,11,25.45,0,0,279.95
"164","PPKBOR_2010","PPKBOR_20100610",2010,"PPKBOR","Pumpkin",2,"Blue Oaks Ranch Reserve","Grant","Santa Clara",1,37.392472,-121.743431,151.1,46,10,1.3,57.2,10,0.2,0,0,2
"165","RSBOR_2010","RSBOR_20100610",2010,"RSBOR","Ropeswing",2,"Blue Oaks Ranch Reserve","Grant","Santa Clara",1,37.395493,-121.734372,1782.2,226,10,2.1,1.8,10,16.9,3.5,35,169
"166","TroutTNC_2010","TroutTNC_20100630",2010,"TroutTNC","Trout",1,"The Nature Conservancy Kammerer Ranch","Grant","Santa Clara",1,37.410922,-121.732587,2943.8,280,10,0.7,0.8,10,6.8,0,0,68
"167","ULTNC_2010","ULTNC_20100630",2010,"ULTNC","Upper Leakey/Eagle",1,"The Nature Conservancy Kammerer Ranch","Grant","Santa Clara",1,37.407058,-121.733343,9168.9,365,11,1.272727273,0.454545455,13,9.62,0,0,125.06
"168","OHPND027_2010","OHPND027_20100601",2010,"OHPND027","OHPND027",2,"Ohlone Regional Wilderness","Ohlone","Alameda",1,37.516372,-121.762235,2919.743,NA,10,11.7,2.7,10,14.6,0.4,4,146
"169","OHPND025_2010","OHPND025_20100601",2010,"OHPND025","OHPND025",1,"Ohlone Regional Wilderness","Ohlone","Alameda",1,37.508338,-121.739313,770.868,84,10,1.6,7.3,10,2.3,0,0,23
"170","P06_2010","P06_20100624",2010,"P06","P-06",1,"Henry Coe State Park","Henry","Santa Clara",1,37.14623,-121.405916,417.9,80,10,0.3,0.4,10,264.4,0,0,2644
"171","GDPND015_2010","GDPND015_20100603",2010,"GDPND015","GDPND015",2,"Garin/Dry Creek Pioneer Regional Park","Pleasanton","Alameda",1,37.616342,-122.006985,311.8,94,6,5.333333333,0,10,8.8,0,0,88
"172","MLDTNC_2010","MLDTNC_20100630",2010,"MLDTNC","Mallard",2,"The Nature Conservancy Kammerer Ranch","Grant","Santa Clara",1,37.409424,-121.732119,1694.4,186,10,0.2,1.4,9,0.56,0.111111111,0.999999999,5.04
"173","OHPND034_2010","OHPND034_20100527",2010,"OHPND034","OHPND034",2,"Ohlone Regional Wilderness","Ohlone","Alameda",1,37.520484,-121.774072,586.7488,98,10,3.7,21.1,13,9.92,2.461538462,32.000000006,128.96
"174","OHPND048_2010","OHPND048_20100623",2010,"OHPND048","OHPND048",2,"Sunol Regional Park","Ohlone","Alameda",1,37.516168,-121.787101,358.6,92,10,1.7,24.1,10,0,3.6,36,0
"175","TGIF_2010","TGIF_20100611",2010,"TGIF","TGIF",6,"Pleasanton Ridge Regional Park","Pleasanton","Alameda",1,37.636306,-121.913061,722.5,112,10,0.4,25.4,16,9.81,103.875,1662,156.96
"176","YBBA_2010","YBBA_20100524",2010,"YBBA","Yerba Buena",5,"Joseph Grant County Park","Grant","Santa Clara",1,37.335943,-121.689529,887.4,124,10,1.2,2.6,10,255.1,0.5,5,2551
"177","OHPND026_2010","OHPND026_20100601",2010,"OHPND026","OHPND026",2,"Ohlone Regional Wilderness","Ohlone","Alameda",1,37.514787,-121.754036,783.0121,NA,10,3.8,12.7,10,0.9,5.5,55,9
"178","GDPND004_2010","GDPND004_20100614",2010,"GDPND004","GDPND004",6,"Garin/Dry Creek Pioneer Regional Park","Pleasanton","Alameda",1,37.611846,-122.004401,286.9,68,5,0,0,10,0.3,0.1,1,3
"179","6MDSP_2010","6MDSP_20100705",2010,"6MDSP","6 MDSP",1,"Mount Diablo State Park","Mount Diablo","Contra Costa",1,37.841305,-121.877697,859,114,10,0,1.5,11,3.82,0.636363636,6.999999996,42.02
"180","BLNRCO_2010","BLNRCO_20100608",2010,"BLNRCO","Blue North",1,"Rancho Canada Del Oro Open Space","Silver Oaks","Santa Clara",1,37.144218,-121.794289,233.2,65,10,3.7,72.3,20,7.55,0.55,11,151
"181","GDPND013_2010","GDPND013_20100603",2010,"GDPND013","GDPND013",2,"Garin/Dry Creek Pioneer Regional Park","Pleasanton","Alameda",1,37.61872,-121.999159,143.3237,NA,5,1.8,0,10,0,0,0,0
"182","OHPND008_2010","OHPND008_20100518",2010,"OHPND008","OHPND008",1,"Ohlone Regional Wilderness","Ohlone","Alameda",1,37.526031,-121.696655,1503.8,180,10,5.5,10.9,12,1,5.75,69,12
"183","GDPND002_2010","GDPND002_20100603",2010,"GDPND002","GDPND002",5,"Garin/Dry Creek Pioneer Regional Park","Pleasanton","Alameda",1,37.613654,-121.988937,539,92,10,2.7,15.4,10,0,0.6,6,0
"184","PRPND014_2010","PRPND014_20100609",2010,"PRPND014","Quick",6,"Pleasanton Ridge Regional Park","Pleasanton","Alameda",1,37.66135714,-121.9315074,4115.9,236,10,2.7,33.6,29,13.57,27.33333333,792.66666657,393.53
"185","Barn_2011","Barn_20110517",2011,"Barn","Barn",6,"Silver Oaks Ostrich Farm","Silver Oaks","Santa Clara",1,37.09375,-121.740349,4865.9,422,10,0,2.2,1,47,0,0,47
"186","BNPND011_2011","BNPND011_20110627",2011,"BNPND011","BNPND011",4,"Briones Regional Park","Briones","Contra Costa",1,37.939738,-122.139813,1467.6,181,10,0,4.4,10,106.9,0.2,2,1069
"187","BNPND024_2011","BNPND024_20110623",2011,"BNPND024","BNPND024",4,"Briones Regional Park","Briones","Contra Costa",1,37.927101,-122.161295,719.3,96,10,3.3,0,10,6.33,0,0,63.3
"188","CA-BN016_2011","CA-BN016_20110623",2011,"CA-BN016","CA-BN016",5,"Briones Regional Park","Briones","Contra Costa",1,37.931326,-122.16635,1691.4,143,10,0.6,0.4,11,22.09,5.363636364,59.000000004,242.99
"189","CA-MUD65_2011","CA-MUD65_20110530",2011,"CA-MUD65","MUD65",5,"East Bay Municipal Utility District San Pablo Reservoir","Briones","Contra Costa",1,37.925558,-122.231172,1333.9,148,10,0.6,12.2,10,48.7,3.6,36,487
"190","CA-MUD66_2011","CA-MUD66_20110714",2011,"CA-MUD66","MUD66",5,"East Bay Municipal Utility District San Pablo Reservoir","Briones","Contra Costa",1,37.921472,-122.226876,438.5,81,NA,NA,NA,10,21.3,6.1,61,213
"191","CA-MUD67_2011","CA-MUD67_20110530",2011,"CA-MUD67","MUD67",5,"East Bay Municipal Utility District San Pablo Reservoir","Briones","Contra Costa",1,37.922114,-122.2181168,692.1,114,10,0.3,0.9,9,11.78,0.111111111,0.999999999,106.02
"192","CA-OH024_2011","CA-OH024_20110613",2011,"CA-OH024","CA-OH024",3,"Ohlone Regional Wilderness","Ohlone","Alameda",1,37.5130958,-121.7311203,446.6,88,10,4.1,2.7,11,9.64,0,0,106.04
"193","DRVL_2011","DRVL_20110609",2011,"DRVL","Deer Valley",2,"Joseph Grant County Park","Grant","Santa Clara",1,37.359786,-121.698716,2972.2,217,10,6.1,23.2,10,71.8,0,0,718
"194","Frog_2011","Frog_20110517",2011,"Frog","Frog",6,"Silver Oaks Ostrich Farm","Silver Oaks","Santa Clara",1,37.085614,-121.739561,1462.6,149,10,0.3,2.2,10,79.7,12.6,126,797
"195","GDPND005_2011","GDPND005_20110525",2011,"GDPND005","GDPND005",6,"Garin/Dry Creek Pioneer Regional Park","Pleasanton","Alameda",1,37.622541,-122.000243,869.4,112,10,1.4,0.6,10,20.3,3,30,203
"196","GDPND009_2011","GDPND009_20110526",2011,"GDPND009","GDPND009",5,"Garin/Dry Creek Pioneer Regional Park","Pleasanton","Alameda",1,37.635227,-122.024623,942.3,152,10,0.9,0.3,10,0.2,0,0,2
"197","GDPND013_2011","GDPND013_20110525",2011,"GDPND013","GDPND013",2,"Garin/Dry Creek Pioneer Regional Park","Pleasanton","Alameda",1,37.61872,-121.999159,156.8,51,10,2.2,0,11,1.09,0,0,11.99
"198","GDPND014_2011","GDPND014_20110526",2011,"GDPND014","GDPND014",5,"Garin/Dry Creek Pioneer Regional Park","Pleasanton","Alameda",1,37.629083,-122.011868,452.9,74,10,2.6,0,11,70.82,0.454545455,5.000000005,779.02
"199","HeronGCP_2011","HeronGCP_20110609",2011,"HeronGCP","HeronGCP",3,"Joseph Grant County Park","Grant","Santa Clara",1,37.341255,-121.736408,837.4,113,10,0.1,1.3,10,38.2,0,0,382
"200","Hidden_2011","Hidden_20110517",2011,"Hidden","Hidden",6,"Silver Oaks Ostrich Farm","Silver Oaks","Santa Clara",1,37.089006,-121.739668,1526.1,158,10,0.7,1.3,10,116.35,12.7,127,1163.5
"201","MUD74_2011","MUD74_20110531",2011,"MUD74","MUD74",4,"East Bay Municipal Utility District San Pablo Reservoir","Briones","Contra Costa",1,37.93127,-122.174771,543.9,76,10,8.4,0,10,133.6,0.1,1,1336
"202","NorthGCP_2011","NorthGCP_20110607",2011,"NorthGCP","Ferrari Pond",4,"Joseph Grant County Park","Grant","Santa Clara",1,37.34675,-121.68752,599.8,86,10,8,1.7,10,217,0.5,5,2170
"203","PRNTH1_2011","PRNTH1_20110516",2011,"PRNTH1","PRNTH1",6,"Pleasanton Ridge Regional Park","Pleasanton","Alameda",1,37.670918,-121.956277,949.3,125,10,1.9,3.4,10,31.2,36.7,367,312
"204","PRNTH2_2011","PRNTH2_20110516",2011,"PRNTH2","PRNTH2",6,"Pleasanton Ridge Regional Park","Pleasanton","Alameda",1,37.671443,-121.962415,655.3,99,10,1.7,0.2,10,1.8,0,0,18
"205","PRPND001_2011","PRPND001_20110519",2011,"PRPND001","PRPND001",5,"Pleasanton Ridge Regional Park","Pleasanton","Alameda",1,37.59859168,-121.8883578,319.3,66,10,0.8,0,5,0,0,0,0
"206","PRPND002_2011","PRPND002_20110519",2011,"PRPND002","PRPND002",6,"Pleasanton Ridge Regional Park","Pleasanton","Alameda",1,37.607681,-121.890551,592.7,82,10,1.3,0,10,0,0,0,0
"207","PRPND004_2011","PRPND004_20110519",2011,"PRPND004","PRPND004",6,"Pleasanton Ridge Regional Park","Pleasanton","Alameda",1,37.61920895,-121.8978667,1291.9,167,10,0,0,6,47.5,0,0,285
"208","PRPND007_2011","PRPND007_20110522",2011,"PRPND007","PRPND007",6,"Pleasanton Ridge Regional Park","Pleasanton","Alameda",1,37.62229074,-121.8866388,309.7,89,10,12.6,1.6,11,20.82,0,0,229.02
"209","PRPND008_2011","PRPND008_20110522",2011,"PRPND008","PRPND008",6,"Pleasanton Ridge Regional Park","Pleasanton","Alameda",1,37.61994388,-121.8914019,999.3,121,10,0.6,15.3,18,21.21,0,0,381.78
"210","PRPND009_2011","PRPND009_20110523",2011,"PRPND009","Murky Bullfrog",6,"Pleasanton Ridge Regional Park","Pleasanton","Alameda",1,37.64527893,-121.918319,1144.7,134,10,4.1,13.2,11,9.55,0.272727273,3.000000003,105.05
"211","PRPND012_2011","PRPND012_20110518",2011,"PRPND012","Turtle",6,"Pleasanton Ridge Regional Park","Pleasanton","Alameda",1,37.65705884,-121.9413617,3601.5,257,10,0.2,0.8,6,6.5,0,0,39
"212","PRTY02_2011","PRTY02_20110601",2011,"PRTY02","Secchi Eater",5,"Pleasanton Ridge Regional Park","Pleasanton","Alameda",1,37.604197,-121.901238,3077.7,229,10,0,0.1,10,6.3,0,0,63
"213","PRTY03_2011","PRTY03_20110601",2011,"PRTY03","PRTY03",4,"Pleasanton Ridge Regional Park","Pleasanton","Alameda",1,37.601461,-121.896337,934.5,134,10,5,3.5,10,3.7,0.1,1,37
"214","RLSNKGCP_2011","RLSNKGCP_20110608",2011,"RLSNKGCP","Rattlesnake Pond",5,"Joseph Grant County Park","Grant","Santa Clara",1,37.315144,-121.690974,2150,186,10,6.5,18.6,10,64.3,2.5,25,643
"215","WASHGCP_2011","WASHGCP_20110606",2011,"WASHGCP","Washburn",3,"Joseph Grant County Park","Grant","Santa Clara",1,37.368716,-121.723332,155.2,57,10,15.5,1.8,10,0.2,0,0,2
"216","WestBOR_2011","WestBOR_20110624",2011,"WestBOR","West Pond",2,"Blue Oaks Ranch Reserve","Grant","Santa Clara",1,37.379537,-121.746636,1311.2,163,10,0.1,0.9,6,6.67,0,0,40.02
"217","WestWing_2011","WestWing_20110602",2011,"WestWing","West Wing",6,"Pleasanton Ridge Regional Park","Pleasanton","Alameda",1,37.63934572,-121.9419164,4888.2,264,10,0,3.1,3,5.67,0,0,17.01
"218","CA-EDWD_2011","CA-EDWD_20110609",2011,"CA-EDWD","Edwards",3,"Joseph Grant County Park","Grant","Santa Clara",1,37.345252,-121.73947,3433.4,220,10,1.6,8.5,10,52.99,0,0,529.9
"219","CA-PIG_2011","CA-PIG_20110608",2011,"CA-PIG","Pig Pond",6,"Joseph Grant County Park","Grant","Santa Clara",1,37.306275,-121.674618,5081.8,309,10,1,8,10,26.9,2.9,29,269
"220","GDPND002_2011","GDPND002_20110524",2011,"GDPND002","GDPND002",5,"Garin/Dry Creek Pioneer Regional Park","Pleasanton","Alameda",1,37.613654,-121.988937,560.9,108,10,0.9,1.6,10,9.7,0,0,97
"221","GDPND006_2011","GDPND006_20110525",2011,"GDPND006","GDPND006",6,"Garin/Dry Creek Pioneer Regional Park","Pleasanton","Alameda",1,37.624493,-122.004644,769,101,10,3.9,0.4,10,7.4,0.7,7,74
"222","GDPND008_2011","GDPND008_20110526",2011,"GDPND008","GDPND008",6,"Garin/Dry Creek Pioneer Regional Park","Pleasanton","Alameda",1,37.642965,-122.04048,558.3,100,10,1.9,1.8,21,9.36,29.90909091,628.09090911,196.56
"223","KAMM_2011","KAMM_20110606",2011,"KAMM","Kammerer",3,"Joseph Grant County Park","Grant","Santa Clara",1,37.363084,-121.731918,1824,173,10,5.2,0.2,10,130.6,0,0,1306
"224","MUD20_2011","MUD20_20110531",2011,"MUD20","MUD20",2,"East Bay Municipal Utility District San Pablo Reservoir","Briones","Contra Costa",1,37.97721,-122.212187,1053.4,46,10,8,0.4,10,53.3,0,0,533
"225","MUD34_2011","MUD34_20110531",2011,"MUD34","MUD34",2,"East Bay Municipal Utility District San Pablo Reservoir","Briones","Contra Costa",1,37.974672,-122.205468,143.5,45,10,9,0.9,10,206.1,0,0,2061
"226","MUD41_2011","MUD41_20110530",2011,"MUD41","Rainy Day",4,"East Bay Municipal Utility District San Pablo Reservoir","Briones","Contra Costa",1,37.940023,-122.236489,238.8,57,10,3.1,5.9,10,53.3,11.1,111,533
"227","NTalkGCP_2011","NTalkGCP_20110608",2011,"NTalkGCP","No Talk",5,"Joseph Grant County Park","Grant","Santa Clara",1,37.314528,-121.685424,588.9,89,10,2.7,19.6,10,28,26.4,264,280
"228","PPKBOR_2011","PPKBOR_20110621",2011,"PPKBOR","Pumpkin",2,"Blue Oaks Ranch Reserve","Grant","Santa Clara",1,37.392472,-121.743431,108.9,51,10,0.5,38.6,10,0,0,0,0
"229","PRNTH3_2011","PRNTH3_20110516",2011,"PRNTH3","PRNTH3",6,"Pleasanton Ridge Regional Park","Pleasanton","Alameda",1,37.66782,-121.963636,851.1,98,10,14,16.9,10,31.8,24.1,241,318
"230","PRPND010_2011","PRPND010_20110523",2011,"PRPND010","Kevins",6,"Pleasanton Ridge Regional Park","Pleasanton","Alameda",1,37.64720844,-121.9192917,1834,160,10,2.1,10.7,10,24.7,1.4,14,247
"231","PRPND014_2011","PRPND014_20110518",2011,"PRPND014","Quick",6,"Pleasanton Ridge Regional Park","Pleasanton","Alameda",1,37.66135714,-121.9315074,5104.2,270,10,3.7,5.9,10,5.5,18.88461538,188.8461538,55
"232","PRTY01_2011","PRTY01_20110601",2011,"PRTY01","PRTY01",5,"Pleasanton Ridge Regional Park","Pleasanton","Alameda",1,37.608427,-121.90598,909.6,111,10,0.3,0,10,0,0,0,0
"233","TGIF_2011","TGIF_20110523",2011,"TGIF","TGIF",6,"Pleasanton Ridge Regional Park","Pleasanton","Alameda",1,37.636306,-121.913061,621.6,98,10,1.2,4,10,30.82,12.72727273,127.2727273,308.2
"234","LLTNC_2011","LLTNC_20110622",2011,"LLTNC","Lower Leakey",2,"The Nature Conservancy Kammerer Ranch","Grant","Santa Clara",1,37.405498,-121.731179,1207.4,192,10,4.4,1.8,10,5.2,0,0,52
"235","OHPND010_2011","OHPND010_20110613",2011,"OHPND010","OHPND010",3,"Ohlone Regional Wilderness","Ohlone","Alameda",1,37.5267397,-121.7012867,269.2,63,10,2.3,3.9,9,2.22,0,0,19.98
"236","RSBOR_2011","RSBOR_20110621",2011,"RSBOR","Ropeswing",2,"Blue Oaks Ranch Reserve","Grant","Santa Clara",1,37.395493,-121.734372,1740.9,218,10,0.9,3.8,11,1.36,0,0,14.96
"237","VPPND006_2011","VPPND006_20110602",2011,"VPPND006","VPPND006",6,"Vargas Plateau Regional Preserve","Pleasanton","Alameda",1,37.585287,-121.935627,950.4,124,10,7.5,1.6,9,41.33,5.222222222,46.999999998,371.97
"238","PRPND015_2011","PRPND015_20110518",2011,"PRPND015","Sheep",6,"Pleasanton Ridge Regional Park","Pleasanton","Alameda",1,37.658097,-121.928906,432.6,83,10,8.3,34.5,10,12.68,3.772727273,37.72727273,126.8
"239","UCTBOR_2011","UCTBOR_20110621",2011,"UCTBOR","Upper Center/Turtle",4,"Blue Oaks Ranch Reserve","Grant","Santa Clara",1,37.389738,-121.732882,659.3,105,10,0.2,0.7,10,1.5,0,0,15
"240","MLDTNC_2011","MLDTNC_20110622",2011,"MLDTNC","Mallard",2,"The Nature Conservancy Kammerer Ranch","Grant","Santa Clara",1,37.409424,-121.732119,1628.2,200,10,0.1,2.5,10,12.7,0,0,127
"241","OHPND026_2011","OHPND026_20110614",2011,"OHPND026","OHPND026",2,"Ohlone Regional Wilderness","Ohlone","Alameda",1,37.514787,-121.754036,601.5,90,10,3,10,10,42.4,1.3,13,424
"242","OHPND027_2011","OHPND027_20110614",2011,"OHPND027","OHPND027",2,"Ohlone Regional Wilderness","Ohlone","Alameda",1,37.516372,-121.762235,2445.3,211,10,1.6,0.2,10,2.9,0,0,29
"243","CA-BN018_2011","CA-BN018_20110623",2011,"CA-BN018","CA-BN018",5,"Briones Regional Park","Briones","Contra Costa",1,37.939884,-122.167815,291.4,87,10,1,30.9,11,2.45,27,297,26.95
"244","GDPND015_2011","GDPND015_20110524",2011,"GDPND015","GDPND015",2,"Garin/Dry Creek Pioneer Regional Park","Pleasanton","Alameda",1,37.616342,-122.006985,772.4,106,10,1.5,0,10,20.5,0,0,205
"245","NBOR_2011","NBOR_20110621",2011,"NBOR","North",2,"Blue Oaks Ranch Reserve","Grant","Santa Clara",1,37.388181,-121.747062,124.4,43,10,0.5,33.2,10,4.8,0,0,48
"246","YBBA_2011","YBBA_20110607",2011,"YBBA","Yerba Buena",5,"Joseph Grant County Park","Grant","Santa Clara",1,37.335943,-121.689529,885.7,115,10,1.5,3.2,8,29.75,0,0,238
"247","BNPND005_2011","BNPND005_20110627",2011,"BNPND005","BNPND005",4,"Briones Regional Park","Briones","Contra Costa",1,37.9456526,-122.1420267,7256.1,263,10,0.2,3.7,10,28.6,0.4,4,286
"248","CA-MANZA_2011","CA-MANZA_20110607",2011,"CA-MANZA","Manzanita",6,"Joseph Grant County Park","Grant","Santa Clara",1,37.311793,-121.657324,3350.9,420,10,7.6,2.9,10,19.2,1.7,17,192
"249","OHPND021_2011","OHPND021_20110613",2011,"OHPND021","OHPND021",2,"Ohlone Regional Wilderness","Ohlone","Alameda",1,37.514543,-121.70156,1529.7,165,10,1.2,4.1,9,19.11,1,9,171.99
"250","OHPND034_2011","OHPND034_20110614",2011,"OHPND034","OHPND034",2,"Ohlone Regional Wilderness","Ohlone","Alameda",1,37.520484,-121.774072,442.6,99,10,1.6,18.2,10,7.3,3.3,33,73
"251","SNPND002_2011","SNPND002_20110615",2011,"SNPND002","SNPND002",2,"Sunol Regional Park","Ohlone","Alameda",1,37.52670496,-121.8178226,1225.4,145,10,0,0,5,9.6,0,0,48
"252","CA-ROSEN_2011","CA-ROSEN_20110630",2011,"CA-ROSEN","Rosendin Pond",3,"Anderson Lake County Park","Henry","Santa Clara",1,37.16203,-121.620861,16696,550,10,0.4,0.6,10,53.2,17,170,532
"253","OHPND032_2011","OHPND032_20110615",2011,"OHPND032","OHPND032",2,"Ohlone Regional Wilderness","Ohlone","Alameda",1,37.525824,-121.78971,124,29,10,4.4,30.2,6,8.33,13.16666667,79.00000002,49.98
"254","GDPND001_2012","GDPND001_20120528",2012,"GDPND001","GDPND001",6,"Garin/Dry Creek Pioneer Regional Park","Pleasanton","Alameda",1,37.609228,-122.012123,1156.1,137,10,0.2,0,10,47,0,0,470
"255","GDPND002_2012","GDPND002_20120528",2012,"GDPND002","GDPND002",5,"Garin/Dry Creek Pioneer Regional Park","Pleasanton","Alameda",1,37.613654,-121.988937,266.31,63,10,3.4,2.2,10,1,0,0,10
"256","GDPND009_2012","GDPND009_20120519",2012,"GDPND009","GDPND009",5,"Garin/Dry Creek Pioneer Regional Park","Pleasanton","Alameda",1,37.635227,-122.024623,971.89,147,10,0.2,0.3,10,12.77,0,0,127.7
"257","NTalkGCP_2012","NTalkGCP_20120525",2012,"NTalkGCP","No Talk",5,"Joseph Grant County Park","Grant","Santa Clara",1,37.314528,-121.685424,199.25,NA,10,4.5,5.1,10,47,0.2,2,470
"258","PRPND001_2012","PRPND001_20120526",2012,"PRPND001","PRPND001",5,"Pleasanton Ridge Regional Park","Pleasanton","Alameda",1,37.59859168,-121.8883578,261.11,60,5,1,0,10,0,0,0,0
"259","PRPND002_2012","PRPND002_20120526",2012,"PRPND002","PRPND002",6,"Pleasanton Ridge Regional Park","Pleasanton","Alameda",1,37.607681,-121.890551,479.05,82,5,0.6,0,10,0,0,0,0
"260","PRPND007_2012","PRPND007_20120524",2012,"PRPND007","PRPND007",6,"Pleasanton Ridge Regional Park","Pleasanton","Alameda",1,37.62229074,-121.8866388,196.11,59,10,7.1,4.7,10,1.8,0.3,3,18
"261","PRPND009_2012","PRPND009_20120526",2012,"PRPND009","Murky Bullfrog",6,"Pleasanton Ridge Regional Park","Pleasanton","Alameda",1,37.64527893,-121.918319,918.82,63,10,0.7,1.7,11,147.82,14.36363636,157.99999996,1626.02
"262","PRPND010_2012","PRPND010_20120526",2012,"PRPND010","Kevins",6,"Pleasanton Ridge Regional Park","Pleasanton","Alameda",1,37.64720844,-121.9192917,905.07,129,10,0.9,0.2,10,32.1,0.6,6,321
"263","PRPND012_2012","PRPND012_20120521",2012,"PRPND012","Turtle",6,"Pleasanton Ridge Regional Park","Pleasanton","Alameda",1,37.65705884,-121.9413617,4351.9,203,10,0.2,0.7,10,25.5,0.2,2,255
"264","PRTY01_2012","PRTY01_20120525",2012,"PRTY01","PRTY01",5,"Pleasanton Ridge Regional Park","Pleasanton","Alameda",1,37.608427,-121.90598,691.34,97,10,0.1,0,10,0,0,0,0
"265","PRTY03_2012","PRTY03_20120525",2012,"PRTY03","PRTY03",4,"Pleasanton Ridge Regional Park","Pleasanton","Alameda",1,37.601461,-121.896337,745.09,107,10,1.4,0,10,0.42,0.111111111,1.11111111,4.2
"266","Barn_2012","Barn_20120527",2012,"Barn","Barn",6,"Silver Oaks Ostrich Farm","Silver Oaks","Santa Clara",1,37.09375,-121.740349,4133.5,297,10,0.1,0.3,13,1.46,0.923076923,11.999999999,18.98
"267","Frog_2012","Frog_20120527",2012,"Frog","Frog",6,"Silver Oaks Ostrich Farm","Silver Oaks","Santa Clara",1,37.085614,-121.739561,1257.8,135,10,0.2,7.1,10,63.4,38.7,387,634
"268","GDPND005_2012","GDPND005_20120520",2012,"GDPND005","GDPND005",6,"Garin/Dry Creek Pioneer Regional Park","Pleasanton","Alameda",1,37.622541,-122.000243,758.22,102,10,1.6,5.5,12,57.08,3.25,39,684.96
"269","GDPND008_2012","GDPND008_20120519",2012,"GDPND008","GDPND008",6,"Garin/Dry Creek Pioneer Regional Park","Pleasanton","Alameda",1,37.642965,-122.04048,496.46,89,10,5,1.5,10,9.5,20.9,209,95
"270","GDPND014_2012","GDPND014_20120520",2012,"GDPND014","GDPND014",5,"Garin/Dry Creek Pioneer Regional Park","Pleasanton","Alameda",1,37.629083,-122.011868,355.74,78,10,3.3,0.7,10,2,4.8,48,20
"271","Hidden_2012","Hidden_20120527",2012,"Hidden","Hidden",6,"Silver Oaks Ostrich Farm","Silver Oaks","Santa Clara",1,37.089006,-121.739668,1189.8,133,10,2.3,16.5,10,55.5,25.8,258,555
"272","PRNTH1_2012","PRNTH1_20120523",2012,"PRNTH1","PRNTH1",6,"Pleasanton Ridge Regional Park","Pleasanton","Alameda",1,37.670918,-121.956277,639.15,120,10,0.8,1.4,9,1.22,3.666666667,33.000000003,10.98
"273","PRNTH2_2012","PRNTH2_20120523",2012,"PRNTH2","PRNTH2",6,"Pleasanton Ridge Regional Park","Pleasanton","Alameda",1,37.671443,-121.962415,560.6,101,10,0.7,1.2,10,2.3,0,0,23
"274","PRPND008_2012","PRPND008_20120524",2012,"PRPND008","PRPND008",6,"Pleasanton Ridge Regional Park","Pleasanton","Alameda",1,37.61994388,-121.8914019,494.96,85,10,2.5,7.4,10,5.92,0.333333333,3.33333333,59.2
"275","PRTY02_2012","PRTY02_20120525",2012,"PRTY02","Secchi Eater",5,"Pleasanton Ridge Regional Park","Pleasanton","Alameda",1,37.604197,-121.901238,2635.7,212,10,0,0.4,2,33.5,0,0,67
"276","RLSNKGCP_2012","RLSNKGCP_20120517",2012,"RLSNKGCP","Rattlesnake Pond",5,"Joseph Grant County Park","Grant","Santa Clara",1,37.315144,-121.690974,530.96,105,10,3.5,2.1,10,8.5,0.3,3,85
"277","TGIF_2012","TGIF_20120524",2012,"TGIF","TGIF",6,"Pleasanton Ridge Regional Park","Pleasanton","Alameda",1,37.636306,-121.913061,495.83,94,10,0.4,1,10,63.7,70.7,707,637
"278","CA-MANZA_2012","CA-MANZA_20120517",2012,"CA-MANZA","Manzanita",6,"Joseph Grant County Park","Grant","Santa Clara",1,37.311793,-121.657324,1450.4,154,10,4.3,0.1,10,25.4,0.7,7,254
"279","GDPND004_2012","GDPND004_20120528",2012,"GDPND004","GDPND004",6,"Garin/Dry Creek Pioneer Regional Park","Pleasanton","Alameda",1,37.611846,-122.004401,601.79,108,10,0.3,1.7,10,166.1,0,0,1661
"280","VPPND006_2012","VPPND006_20120528",2012,"VPPND006","VPPND006",6,"Vargas Plateau Regional Preserve","Pleasanton","Alameda",1,37.585287,-121.935627,781.1,105,10,4.8,0.2,10,24.7,5.5,55,247
"281","PRPND015_2012","PRPND015_20120521",2012,"PRPND015","Sheep",6,"Pleasanton Ridge Regional Park","Pleasanton","Alameda",1,37.658097,-121.928906,324.99,77,10,6.5,5.2,20,35.88,23.1,462,717.6
"282","PRPND014_2012","PRPND014_20120521",2012,"PRPND014","Quick",6,"Pleasanton Ridge Regional Park","Pleasanton","Alameda",1,37.66135714,-121.9315074,3508.2,246,10,0.9,0.5,11,10.45,1.545454545,16.999999995,114.95
"283","CA-PIG_2012","CA-PIG_20120517",2012,"CA-PIG","Pig Pond",6,"Joseph Grant County Park","Grant","Santa Clara",1,37.306275,-121.674618,1981.5,204,10,7.5,0.8,10,15.9,1.8,18,159
"284","GDPND006_2012","GDPND006_20120520",2012,"GDPND006","GDPND006",6,"Garin/Dry Creek Pioneer Regional Park","Pleasanton","Alameda",1,37.624493,-122.004644,725.13,114,10,2.6,1,10,13.1,3.8,38,131
"285","YBBA_2012","YBBA_20120518",2012,"YBBA","Yerba Buena",5,"Joseph Grant County Park","Grant","Santa Clara",1,37.335943,-121.689529,859.58,140,10,1.8,2.7,11,34.09,0,0,374.99
"286","PRNTH3_2012","PRNTH3_20120523",2012,"PRNTH3","PRNTH3",6,"Pleasanton Ridge Regional Park","Pleasanton","Alameda",1,37.66782,-121.963636,637.32,101,10,9.5,5.1,11,3,2.909090909,31.999999999,33
"287","5CN1_2013","5CN1_20130613",2013,"5CN1","5 Canyons 1",3,"5 Canyons Regional Park","Pleasanton","Alameda",1,37.687079,-122.027621,330.12,97,10,1.4,0,9,3.44,0,0,30.96
"288","5CN4_2013","5CN4_20130613",2013,"5CN4","5 Canyons 4",3,"5 Canyons Regional Park","Pleasanton","Alameda",1,37.677956,-122.035447,422,91,10,3.7,0,10,287.7,0,0,2877
"289","BNPND001_2013","BNPND001_20130612",2013,"BNPND001","BNPND001",3,"Briones Regional Park","Briones","Contra Costa",1,37.961364,-122.1408929,913,123,10,0,0,14,10.93,0.214285714,2.999999996,153.02
"290","BNPND019_2013","BNPND019_20130528",2013,"BNPND019","BNPND019",3,"Briones Regional Park","Briones","Contra Costa",1,37.9394493,-122.1651161,76.1,32,10,4.7,14.7,9,18.11,7.888888889,71.000000001,162.99
"291","CA-BN003_2013","CA-BN003_20130521",2013,"CA-BN003","CA-BN003",4,"Briones Regional Park","Briones","Contra Costa",1,37.94433,-122.133747,1062.83,141,10,0,1.6,3,170.67,4,12,512.01
"292","CA-BN004_2013","CA-BN004_20130521",2013,"CA-BN004","CA-BN004",3,"Briones Regional Park","Briones","Contra Costa",1,37.9435248,-122.1410001,3300.9,233,10,0,2.4,15,11.27,1.933333333,28.999999995,169.05
"293","CA-BN016_2013","CA-BN016_20130704",2013,"CA-BN016","CA-BN016",5,"Briones Regional Park","Briones","Contra Costa",1,37.931326,-122.16635,1354.2,136,10,2.6,4.3,4,19.5,2.25,9,78
"294","CA-BN017_2013","CA-BN017_20130604",2013,"CA-BN017","CA-BN017",3,"Briones Regional Park","Briones","Contra Costa",1,37.9382444,-122.1701709,548.4,85,10,5.2,3.3,11,0,0,0,0
"295","CA-BN018_2013","CA-BN018_20130528",2013,"CA-BN018","CA-BN018",5,"Briones Regional Park","Briones","Contra Costa",1,37.939884,-122.167815,205.5,67,10,3,36.4,10,4.2,2.4,24,42
"296","CA-MCCRY_2013","CA-MCCRY_20130509",2013,"CA-MCCRY","Mccreery Lake",2,"Joseph Grant County Park","Grant","Santa Clara",1,37.34184,-121.71176,8606.6,408,10,0,1.7,10,4.1,0,0,41
"297","CA-MUD66_2013","CA-MUD66_20130522",2013,"CA-MUD66","MUD66",5,"East Bay Municipal Utility District San Pablo Reservoir","Briones","Contra Costa",1,37.921472,-122.226876,427.5,80,10,2,0.5,9,8.67,0,0,78.03
"298","CA-SF101_2013","CA-SF101_20130618",2013,"CA-SF101","SF101",1,"San Felipe Ranch","Grant","Santa Clara",1,37.27991,-121.66389,1089.5,124,10,0.2,2.3,2,26.5,0,0,53
"299","CA-SF79_2013","CA-SF79_20130618",2013,"CA-SF79","SF79",1,"San Felipe Ranch","Grant","Santa Clara",1,37.28775,-121.63964,381.9,75,10,5.5,0.9,11,12.45,7,77,136.95
"300","CA-SF85a_2013","CA-SF85a_20130618",2013,"CA-SF85a","SF85a",1,"San Felipe Ranch","Grant","Santa Clara",1,37.291472,-121.66737,141.6,39,10,0,0,4,2.75,0.75,3,11
"301","Frog_2013","Frog_20130514",2013,"Frog","Frog",6,"Silver Oaks Ostrich Farm","Silver Oaks","Santa Clara",1,37.085614,-121.739561,1538.5,151,10,1.2,10.3,17,75.35,37.647,639.999,1280.95
"302","GDPND001_2013","GDPND001_20130523",2013,"GDPND001","GDPND001",6,"Garin/Dry Creek Pioneer Regional Park","Pleasanton","Alameda",1,37.609228,-122.012123,803.07,110,10,0.1,0,1,0,0,0,0
"303","GDPND002_2013","GDPND002_20130523",2013,"GDPND002","GDPND002",5,"Garin/Dry Creek Pioneer Regional Park","Pleasanton","Alameda",1,37.613654,-121.988937,289,69,10,3.8,0.1,11,2,0,0,22
"304","GDPND004_2013","GDPND004_20130523",2013,"GDPND004","GDPND004",6,"Garin/Dry Creek Pioneer Regional Park","Pleasanton","Alameda",1,37.611846,-122.004401,454.33,84,10,0.8,5.6,14,240.5,2.285714286,32.000000004,3367
"305","GDPND006_2013","GDPND006_20130527",2013,"GDPND006","GDPND006",6,"Garin/Dry Creek Pioneer Regional Park","Pleasanton","Alameda",1,37.624493,-122.004644,563.88,85,10,1.7,4.6,15,9.53,0.8,12,142.95
"306","GDPND009_2013","GDPND009_20130527",2013,"GDPND009","GDPND009",5,"Garin/Dry Creek Pioneer Regional Park","Pleasanton","Alameda",1,37.635227,-122.024623,753.2,151,10,0.5,0.2,13,22.77,0,0,296.01
"307","GDPND014_2013","GDPND014_20130527",2013,"GDPND014","GDPND014",5,"Garin/Dry Creek Pioneer Regional Park","Pleasanton","Alameda",1,37.629083,-122.011868,286.2,59,10,3.9,3.3,14,194.21,0.142857143,2.000000002,2718.94
"308","Hidden_2013","Hidden_20130514",2013,"Hidden","Hidden",6,"Silver Oaks Ostrich Farm","Silver Oaks","Santa Clara",1,37.089006,-121.739668,1281,161,10,2.1,26.7,15,9.53,45.73333333,685.99999995,142.95
"309","MUD22_2013","MUD22_20130530",2013,"MUD22","MUD22",3,"East Bay Municipal Utility District San Pablo Reservoir","Briones","Contra Costa",1,37.959638,-122.238503,7457.1,422,10,0.1,0,1,1,0,0,1
"310","MUD31_2013","MUD31_20130513",2013,"MUD31","MUD31",3,"East Bay Municipal Utility District San Pablo Reservoir","Briones","Contra Costa",1,37.958367,-122.21905,2386.4,191,10,1.5,4,1,3,0,0,3
"311","MUD46_2013","MUD46_20130612",2013,"MUD46","MUD46 Pumphouse",3,"East Bay Municipal Utility District San Pablo Reservoir","Briones","Contra Costa",1,37.9481,-122.232837,815.6,134,10,0.1,2.1,10,78.2,3.1,31,782
"312","MUD74_2013","MUD74_20130605",2013,"MUD74","MUD74",4,"East Bay Municipal Utility District San Pablo Reservoir","Briones","Contra Costa",1,37.93127,-122.174771,21,22,10,20.1,7.5,15,2.73,0,0,40.95
"313","MUDCR_2013","MUDCR_20130513",2013,"MUDCR","Crickets",2,"East Bay Municipal Utility District San Pablo Reservoir","Briones","Contra Costa",1,37.93853,-122.21432,302.8,66,10,1.2,0,1,1,0,0,1
"314","MUDLG_2013","MUDLG_20130513",2013,"MUDLG","Little Grommet",2,"East Bay Municipal Utility District San Pablo Reservoir","Briones","Contra Costa",1,37.9605,-122.22242,14288,494,10,0.2,5.6,3,15.33,0,0,45.99
"315","MUDRS_2013","MUDRS_20130513",2013,"MUDRS","Roadside",2,"East Bay Municipal Utility District San Pablo Reservoir","Briones","Contra Costa",1,37.9417,-122.21533,325.1,67,10,4.8,2.1,15,0.27,0,0,4.05
"316","NTalkGCP_2013","NTalkGCP_20130510",2013,"NTalkGCP","No Talk",5,"Joseph Grant County Park","Grant","Santa Clara",1,37.314528,-121.685424,222.9,57,10,9.786,6.897,10,18.2,0.1,1,182
"317","PRNTH1_2013","PRNTH1_20130603",2013,"PRNTH1","PRNTH1",6,"Pleasanton Ridge Regional Park","Pleasanton","Alameda",1,37.670918,-121.956277,391.1,111,10,0.5,1.1,6,28.67,1.833333333,10.999999998,172.02
"318","PRPND002_2013","PRPND002_20130529",2013,"PRPND002","PRPND002",6,"Pleasanton Ridge Regional Park","Pleasanton","Alameda",1,37.607681,-121.890551,312.5,66,10,3.7,0,10,6.9,0,0,69
"319","PRPND007_2013","PRPND007_20130529",2013,"PRPND007","PRPND007",6,"Pleasanton Ridge Regional Park","Pleasanton","Alameda",1,37.62229074,-121.8866388,201.7175,61,10,4.3,2.3,15,0,0,0,0
"320","PRPND008_2013","PRPND008_20130529",2013,"PRPND008","PRPND008",6,"Pleasanton Ridge Regional Park","Pleasanton","Alameda",1,37.61994388,-121.8914019,391.6,90,10,28.9,3,15,39.0667,0.2667,4.0005,586.0005
"321","PRPND009_2013","PRPND009_20130520",2013,"PRPND009","Murky Bullfrog",6,"Pleasanton Ridge Regional Park","Pleasanton","Alameda",1,37.64527893,-121.918319,807.8201,107,10,1.8,14.4,10,10.4,29.3,293,104
"322","PRPND010_2013","PRPND010_20130529",2013,"PRPND010","Kevins",6,"Pleasanton Ridge Regional Park","Pleasanton","Alameda",1,37.64720844,-121.9192917,730.6,113,10,4.5,13.3,9,18.67,9.555555556,86.000000004,168.03
"323","PRPND012_2013","PRPND012_20130605",2013,"PRPND012","Turtle",6,"Pleasanton Ridge Regional Park","Pleasanton","Alameda",1,37.65705884,-121.9413617,3610.5,269,10,0.2,0.2,7,13,16.57142857,115.99999999,91
"324","RLSNKGCP_2013","RLSNKGCP_20130511",2013,"RLSNKGCP","Rattlesnake Pond",5,"Joseph Grant County Park","Grant","Santa Clara",1,37.315144,-121.690974,211.433,59,10,3.2,0.3,15,78,0,0,1170
"325","RonJrGCP_2013","RonJrGCP_20130509",2013,"RonJrGCP","Ron Jeremy/Vernal Pool",2,"Joseph Grant County Park","Grant","Santa Clara",1,37.349008,-121.725659,6257,359,10,2.1,2.1,15,16.67,0,0,250.05
"326","SF37_2013","SF37_20130517",2013,"SF37","SF37",2,"San Felipe Ranch","Grant","Santa Clara",1,37.2876,-121.67305,1775.9,215,10,2,3.5,11,123.36,4,44,1356.96
"327","SF40_2013","SF40_20130517",2013,"SF40","CA-SF40",1,"San Felipe Ranch","Grant","Santa Clara",1,37.29903,-121.67149,121.1,52,10,7.7,2,15,5.27,0.933333333,13.999999995,79.05
"328","TGIF_2013","TGIF_20130520",2013,"TGIF","TGIF",6,"Pleasanton Ridge Regional Park","Pleasanton","Alameda",1,37.636306,-121.913061,683.4,106,10,5.9,8.3,15,13.67,1.933333333,28.999999995,205.05
"329","VPPND005_2013","VPPND005_20130611",2013,"VPPND005","VPPND005",3,"Vargas Plateau Regional Preserve","Pleasanton","Alameda",1,37.589796,-121.944432,290.7,67,12,0,0,10,91.3,11.3,113,913
"330","VPPND006_2013","VPPND006_20130611",2013,"VPPND006","VPPND006",6,"Vargas Plateau Regional Preserve","Pleasanton","Alameda",1,37.585287,-121.935627,631.6,105,11,7.363636364,2.363636364,9,3.11,4.555555556,41.000000004,27.99
"331","Barn_2013","Barn_20130514",2013,"Barn","Barn",6,"Silver Oaks Ostrich Farm","Silver Oaks","Santa Clara",1,37.09375,-121.740349,3653.3,289,10,0.4,0.8,29,32.86,9.413793103,272.999999987,952.94
"332","BNPND002_2013","BNPND002_20130521",2013,"BNPND002","BNPND002",4,"Briones Regional Park","Briones","Contra Costa",1,37.94566,-122.133961,1102.3,130,10,0.5,4.5,15,69.4,0.133333333,1.999999995,1041
"333","BNPND005_2013","BNPND005_20130521",2013,"BNPND005","BNPND005",4,"Briones Regional Park","Briones","Contra Costa",1,37.9456526,-122.1420267,5796.314,303,10,1.3,1.5,14,20.57,0.428571429,6.000000006,287.98
"334","CA-MANZA_2013","CA-MANZA_20130511",2013,"CA-MANZA","Manzanita",6,"Joseph Grant County Park","Grant","Santa Clara",1,37.311793,-121.657324,499.5,186,10,10.7,2.1,10,318.4,1.9,19,3184
"335","CA-MUD65_2013","CA-MUD65_20130522",2013,"CA-MUD65","MUD65",5,"East Bay Municipal Utility District San Pablo Reservoir","Briones","Contra Costa",1,37.925558,-122.231172,1117.05,128,10,4.5,36.3,10,88.8,13,130,888
"336","CA-PIG_2013","CA-PIG_20130511",2013,"CA-PIG","Pig Pond",6,"Joseph Grant County Park","Grant","Santa Clara",1,37.306275,-121.674618,3062.89,238,12,6.833333333,6.5,14,16.86,0.428571429,6.000000006,236.04
"337","CA-SF25_2013","CA-SF25_20130625",2013,"CA-SF25","SF25",1,"San Felipe Ranch","Grant","Santa Clara",1,37.27568,-121.70003,717.21,105,10,0.5,15.1,13,15.08,0,0,196.04
"338","CA-SF31_2013","CA-SF31_20130516",2013,"CA-SF31","CA-SF31",2,"San Felipe Ranch","Grant","Santa Clara",1,37.30011,-121.7074,76.44,49,10,8,0,11,0,0,0,0
"339","GDPND005_2013","GDPND005_20130523",2013,"GDPND005","GDPND005",6,"Garin/Dry Creek Pioneer Regional Park","Pleasanton","Alameda",1,37.622541,-122.000243,629.433,94,10,6.2,5.8,15,1.67,2.466666667,37.000000005,25.05
"340","GDPND008_2013","GDPND008_20130527",2013,"GDPND008","GDPND008",6,"Garin/Dry Creek Pioneer Regional Park","Pleasanton","Alameda",1,37.642965,-122.04048,400,85,10,23.1,16.1,15,24.8,18.13333333,271.99999995,372
"341","HeronGCP_2013","HeronGCP_20130510",2013,"HeronGCP","HeronGCP",3,"Joseph Grant County Park","Grant","Santa Clara",1,37.341255,-121.736408,695.85,94,10,1.6,0.5,4,15.5,1.75,7,62
"342","PRNTH3_2013","PRNTH3_20130603",2013,"PRNTH3","PRNTH3",6,"Pleasanton Ridge Regional Park","Pleasanton","Alameda",1,37.66782,-121.963636,588.6,87,10,6.9,50.4,10,29.2,3.3,33,292
"343","PRNTHMIT_2013","PRNTHMIT_20130603",2013,"PRNTHMIT","Mittens",2,"Pleasanton Ridge Regional Park","Pleasanton","Alameda",1,37.65671,-121.95811,1261.8,177,10,0.7,0.3,4,3.75,0,0,15
"344","PRPND015_2013","PRPND015_20130520",2013,"PRPND015","Sheep",6,"Pleasanton Ridge Regional Park","Pleasanton","Alameda",1,37.658097,-121.928906,449.99,83,10,6.6,2.4,15,105.07,29.13333333,436.99999995,1576.05
"345","SF26_2013","SF26_20130516",2013,"SF26","SF26",2,"San Felipe Ranch","Grant","Santa Clara",1,37.27889,-121.69814,1326.101,135,10,0.6,0.1,1,45,0,0,45
"346","SF41_2013","SF41_20130517",2013,"SF41","CA-SF41",1,"San Felipe Ranch","Grant","Santa Clara",1,37.3015,-121.67259,318.77,64,10,2.6,0.4,10,2.3,0.2,2,23
"347","SF42_2013","SF42_20130517",2013,"SF42","CA-SF42",1,"San Felipe Ranch","Grant","Santa Clara",1,37.30588,-121.6622,110.4984,45,10,3.9,10,2,5,10.5,21,10
"348","BNPND020_2013","BNPND020_20130528",2013,"BNPND020","BNPND020",3,"Briones Regional Park","Briones","Contra Costa",1,37.936122,-122.162995,228,60,10,5.7,23.5,11,19.73,10.27272727,112.99999997,217.03
"349","MUDEF_2013","MUDEF_20130513",2013,"MUDEF","Electric Fence",2,"East Bay Municipal Utility District San Pablo Reservoir","Briones","Contra Costa",1,37.95203,-122.22482,2248.2,184,10,2.2,2.7,2,38.5,0,0,77
"350","PRPND014_2013","PRPND014_20130520",2013,"PRPND014","Quick",6,"Pleasanton Ridge Regional Park","Pleasanton","Alameda",1,37.66135714,-121.9315074,2896.12,207,10,8.7,1.9,10,87.9,0.1,1,879
"351","CA-SF19_2013","CA-SF19_20130517",2013,"CA-SF19","CA-SF19",2,"San Felipe Ranch","Grant","Santa Clara",1,37.29215,-121.70628,387.7,75,10,1.8,1.1,10,35.8,19.5,195,358
"352","PRNTHIDK_2013","PRNTHIDK_20130603",2013,"PRNTHIDK","I Dunno",2,"Pleasanton Ridge Regional Park","Pleasanton","Alameda",1,37.65212,-121.95194,756.7,114,11,8.5,0.4,9,11.33,0,0,101.97
"353","PRNTHOWL_2013","PRNTHOWL_20130603",2013,"PRNTHOWL","Owlhenge",2,"Pleasanton Ridge Regional Park","Pleasanton","Alameda",1,37.65944,-121.96001,313.4,69,10,3.5,2.5,11,368.73,2.909090909,31.999999999,4056.03
"354","PRTY01_2013","PRTY01_20130617",2013,"PRTY01","PRTY01",5,"Pleasanton Ridge Regional Park","Pleasanton","Alameda",1,37.608427,-121.90598,199.5,57,10,0.4,0,9,0.11,0,0,0.99
"355","YBBA_2013","YBBA_20130509",2013,"YBBA","Yerba Buena",5,"Joseph Grant County Park","Grant","Santa Clara",1,37.335943,-121.689529,543.78,106,10,4.5,0.2,9,21.44,0,0,192.96
"356","PRNTH4_2013","PRNTH4_20130603",2013,"PRNTH4","PRNTH4",2,"Pleasanton Ridge Regional Park","Pleasanton","Alameda",1,37.66308,-121.96712,1141.6,128,10,2.8,0.3,9,259,0,0,2331
"357","CA-SF19_2014","CA-SF19_20140609",2014,"CA-SF19","CA-SF19",2,"San Felipe Ranch","Grant","Santa Clara",1,37.29215,-121.70628,198.23,54,10,0.8,1.1,1,6,2,2,6
"358","MUDRS_2014","MUDRS_20140618",2014,"MUDRS","ROADSIDE",2,"East Bay Municipal Utility District San Pablo Reservoir","Briones","Contra Costa",1,37.9417,-122.21533,173.69,50,10,2.1,1.9,9,8,1.56,14.04,72
"359","PRNTHCHR_2014","PRNTHCHR_20140805",2014,"PRNTHCHR","PRNTHCHAIR",1,"Pleasanton Ridge Regional Park","Pleasanton","Alameda",1,37.66176,-121.96478,0,0,0,NA,NA,11,15.09,1.36,14.96,165.99
"360","PRNTHOWL_2014","PRNTHOWL_20140527",2014,"PRNTHOWL","Owlhenge",2,"Pleasanton Ridge Regional Park","Pleasanton","Alameda",1,37.65944,-121.96001,185.79,52,8,0.62,1.62,10,22,35.8,358,220
"361","PRPND010_2014","PRPND010_20140519",2014,"PRPND010","Kevins",6,"Pleasanton Ridge Regional Park","Pleasanton","Alameda",1,37.64721,-121.91929,572.92,100,10,5.5,0.5,10,22.6,2.2,22,226
"362","YBBA_2014","YBBA_20140520",2014,"YBBA","Yerba Buena",5,"Joseph Grant County Park","Grant","Santa Clara",1,37.33594,-121.68953,901.55,130,9,3.89,0.67,10,5.8,0,0,58
"363","PRPND015_2014","PRPND015_20140513",2014,"PRPND015","Sheep",6,"Pleasanton Ridge Regional Park","Pleasanton","Alameda",1,37.6581,-121.92891,245.1,64,10,2.5,10.5,10,99.5,108.4,1084,995
"364","SF41_2014","SF41_20140612",2014,"SF41","CA-SF41",1,"San Felipe Ranch","Grant","Santa Clara",1,37.3015,-121.67259,173.69,50,10,0.9,0,10,0.7,0.1,1,7
"365","VPPND006_2014","VPPND006_20140529",2014,"VPPND006","VPPND006",6,"Vargas Plateau Regional Preserve","Pleasanton","Alameda",1,37.58529,-121.93563,98.92,36,10,1.4,1.2,10,423.9,32.2,322,4239
"366","TGIF_2014","TGIF_20140527",2014,"TGIF","TGIF",6,"Pleasanton Ridge Regional Park","Pleasanton","Alameda",1,37.63631,-121.91306,340.85,74,10,0,0.4,13,18.77,11.15,144.95,244.01
"367","PRNTH4_2014","PRNTH4_20140513",2014,"PRNTH4","PRNTH4",2,"Pleasanton Ridge Regional Park","Pleasanton","Alameda",1,37.66308,-121.96712,556.3,91,10,3.3,0,10,55.2,2.5,25,552
"368","CA-BN018_2014","CA-BN018_20140515",2014,"CA-BN018","CA-BN018",5,"Briones Regional Park","Briones","Contra Costa",1,37.93988,-122.16782,244.43,61,11,2.91,4.09,10,4,0.1,1,40
"369","MUD31_2014","MUD31_20140618",2014,"MUD31","MUD31",3,"East Bay Municipal Utility District San Pablo Reservoir","Briones","Contra Costa",1,37.95837,-122.21905,1598.76,181,11,1.18,1.91,10,0.5,0,0,5
"370","PRNTHIDK_2014","PRNTHIDK_20140610",2014,"PRNTHIDK","I DUNNO",2,"Pleasanton Ridge Regional Park","Pleasanton","Alameda",1,37.65212,-121.95194,602.92,103,9,0.89,0,10,11.3,0,0,113
"371","PRNTH3_2014","PRNTH3_20140513",2014,"PRNTH3","PRNTH3",6,"Pleasanton Ridge Regional Park","Pleasanton","Alameda",1,37.66782,-121.96364,456,68,10,7,1.3,10,207.1,0.1,1,2071
"372","Barn_2014","Barn_20140602",2014,"Barn","Barn",6,"Silver Oaks Ostrich Farm","Silver Oaks","Santa Clara",1,37.09375,-121.74035,3427.57,281,13,0,0.15,10,7.5,4.8,48,75
"373","Beaver_2014","Beaver_20140602",2014,"Beaver","Beaver",6,"Silver Oaks Ostrich Farm","Silver Oaks","Santa Clara",1,37.0887,-121.74399,2495.18,234,10,0,0,6,0.5,6.83,40.98,3
"374","BNPND001_2014","BNPND001_20140617",2014,"BNPND001","BNPND001",3,"Briones Regional Park","Briones","Contra Costa",1,37.96136,-122.14089,533.93,96,10,0,0,10,159.9,0,0,1599
"375","BNPND002_2014","BNPND002_20140617",2014,"BNPND002","BNPND002",4,"Briones Regional Park","Briones","Contra Costa",1,37.94566,-122.13396,643.93,107,10,5.1,3.1,10,1893.9,56.5,565,18939
"376","BNPND019_2014","BNPND019_20140515",2014,"BNPND019","BNPND019",3,"Briones Regional Park","Briones","Contra Costa",1,37.93945,-122.16512,85.25,33,8,21.25,7.5,10,0.2,0,0,2
"377","BNPND020_2014","BNPND020_20140515",2014,"BNPND020","BNPND020",3,"Briones Regional Park","Briones","Contra Costa",1,37.93612,-122.163,204.58,55,10,3.5,7.8,10,34.4,17.2,172,344
"378","BNPND024_2014","BNPND024_20140605",2014,"BNPND024","BNPND024",4,"Briones Regional Park","Briones","Contra Costa",1,37.9271,-122.1613,514.88,94,10,1.7,1.8,10,64.3,1.2,12,643
"379","CA-BN003_2014","CA-BN003_20140605",2014,"CA-BN003","CA-BN003",4,"Briones Regional Park","Briones","Contra Costa",1,37.94433,-122.13375,198.23,54,10,0,0,10,916.5,15.4,154,9165
"380","CA-BN004_2014","CA-BN004_20140617",2014,"CA-BN004","CA-BN004",1,"Briones Regional Park","Briones","Contra Costa",1,37.94352,-122.141,1538.06,177,10,0.4,0.2,10,1.3,0,0,13
"381","CA-BN016_2014","CA-BN016_20140515",2014,"CA-BN016","CA-BN016",5,"Briones Regional Park","Briones","Contra Costa",1,37.93133,-122.16635,272.65,65,13,0.2,1.62,10,17.1,13.7,137,171
"382","CA-BN017_2014","CA-BN017_20140605",2014,"CA-BN017","CA-BN017",1,"Briones Regional Park","Briones","Contra Costa",1,37.93824,-122.17017,185.79,52,10,0.4,1,11,0,0,0,0
"383","CA-MANZA_2014","CA-MANZA_20140512",2014,"CA-MANZA","Manzanita",6,"Joseph Grant County Park","Grant","Santa Clara",1,37.31179,-121.65732,381.5,79,7,0.57,0,8,11.75,0,0,94
"384","CA-MUD65_2014","CA-MUD65_20140521",2014,"CA-MUD65","MUD65",5,"East Bay Municipal Utility District San Pablo Reservoir","Briones","Contra Costa",1,37.92556,-122.23117,244.43,61,10,18.5,0,10,88.5,2.4,24,885
"385","CA-MUD66_2014","CA-MUD66_20140521",2014,"CA-MUD66","MUD66",5,"East Bay Municipal Utility District San Pablo Reservoir","Briones","Contra Costa",1,37.92147,-122.22688,272.65,65,10,1.6,0.3,10,0.1,0,0,1
"386","CA-MUD67_2014","CA-MUD67_20140521",2014,"CA-MUD67","MUD67",5,"East Bay Municipal Utility District San Pablo Reservoir","Briones","Contra Costa",1,37.92211,-122.21812,925.67,132,12,8.75,2.67,3,167,5.33,15.99,501
"387","CA-SF30_2014","CA-SF30_20140608",2014,"CA-SF30","Ca-SF30",2,"San Felipe Ranch","Grant","Santa Clara",1,37.29448,-121.70306,NA,NA,0,NA,NA,10,43.6,0,0,436
"388","CA-SF79_2014","CA-SF79_20140611",2014,"CA-SF79","SF79",1,"San Felipe Ranch","Grant","Santa Clara",1,37.28775,-121.63964,317.4,71,10,5.5,0.3,10,17.8,6.3,63,178
"389","EagleGCP_2014","EagleGCP_20140520",2014,"EagleGCP","Eagle Lake",3,"Joseph Grant County Park","Grant","Santa Clara",1,37.30824,-121.67817,1037.55,141,12,2,0,3,0,0,0,0
"390","Frog_2014","Frog_20140602",2014,"Frog","Frog",6,"Silver Oaks Ostrich Farm","Silver Oaks","Santa Clara",1,37.08561,-121.73956,1024.85,140,13,0.31,1.54,9,22,11.67,105.03,198
"391","GDPND004_2014","GDPND004_20140514",2014,"GDPND004","GDPND004",6,"Garin/Dry Creek Pioneer Regional Park","Pleasanton","Alameda",1,37.61185,-122.0044,272.65,65,9,2.78,0.78,10,28.9,0.1,1,289
"392","GDPND008_2014","GDPND008_20140528",2014,"GDPND008","GDPND008",6,"Garin/Dry Creek Pioneer Regional Park","Pleasanton","Alameda",1,37.64296,-122.04048,0,0,0,NA,NA,10,334.6,9.4,94,3346
"393","GDPND009_2014","GDPND009_20140528",2014,"GDPND009","GDPND009",5,"Garin/Dry Creek Pioneer Regional Park","Pleasanton","Alameda",1,37.63523,-122.02462,937.84,133,10,1.7,0,10,10.1,0,0,101
"394","Hidden_2014","Hidden_20140602",2014,"Hidden","Hidden",6,"Silver Oaks Ostrich Farm","Silver Oaks","Santa Clara",1,37.08901,-121.73967,1305.31,161,11,3,4.09,10,1.3,14.1,141,13
"395","MUD39_2014","MUD39_20140619",2014,"MUD39","HeronMUD",3,"East Bay Municipal Utility District San Pablo Reservoir","Briones","Contra Costa",1,37.93946,-122.2424,325.14,72,10,0.6,3,1,5,0,0,5
"396","MUD41_2014","MUD41_20140619",2014,"MUD41","Rainy Day",4,"East Bay Municipal Utility District San Pablo Reservoir","Briones","Contra Costa",1,37.94002,-122.23649,94.27,35,10,6.2,11.5,10,15,1.6,16,150
"397","MUD46_2014","MUD46_20140625",2014,"MUD46","MUD46 Pumphouse",3,"East Bay Municipal Utility District San Pablo Reservoir","Briones","Contra Costa",1,37.9481,-122.23284,613.06,104,10,0,1.7,4,122.5,0,0,490
"398","MUD74_2014","MUD74_20140702",2014,"MUD74","MUD74",4,"East Bay Municipal Utility District San Pablo Reservoir","Briones","Contra Costa",1,37.93127,-122.17477,718.43,114,10,0,0.2,2,0,0,0,0
"399","MUD77_2014","MUD77_20140702",2014,"MUD77","MUD77",3,"East Bay Municipal Utility District San Pablo Reservoir","Briones","Contra Costa",1,37.92928,-122.17162,309.74,70,10,0,1.6,10,0,0,0,0
"400","NorthGCP_2014","NorthGCP_20140520",2014,"NorthGCP","Ferrari Pond",4,"Joseph Grant County Park","Grant","Santa Clara",1,37.34675,-121.68752,272.65,65,10,6.4,0.7,10,0,0,0,0
"401","PRNTH1_2014","PRNTH1_20140519",2014,"PRNTH1","PRNTH1",6,"Pleasanton Ridge Regional Park","Pleasanton","Alameda",1,37.67092,-121.95628,141.8,103,9,0.89,0.11,9,0.67,0,0,6.03
"402","PRNTHKIM_2014","PRNTHKIM_20140805",2014,"PRNTHKIMYE","PRNTHKIMYE",1,"Pleasanton Ridge Regional Park","Pleasanton","Alameda",1,37.64477,-121.94778,NA,NA,0,NA,NA,1,0,0,0,0
"403","PRPND009_2014","PRPND009_20140527",2014,"PRPND009","Murky Bullfrog",6,"Pleasanton Ridge Regional Park","Pleasanton","Alameda",1,37.64528,-121.91832,356.88,76,10,0.1,1.8,10,7.4,0.5,5,74
"404","SF26_2014","SF26_20140609",2014,"SF26","SF26",2,"San Felipe Ranch","Grant","Santa Clara",1,37.27889,-121.69814,1154.81,150,10,0.1,1.2,1,9,0,0,9
"405","SF37_2014","SF37_20140612",2014,"SF37","SF37",2,"San Felipe Ranch","Grant","Santa Clara",1,37.2876,-121.67305,505.47,93,10,7,3.4,9,24.33,0.44,3.96,218.97
"406","SF51_2014","SF51_20140612",2014,"SF51","AREASF51",1,"San Felipe Ranch","Grant","Santa Clara",1,37.27412,-121.6234,NA,NA,NA,NA,NA,13,1.92,0.154,2.002,24.96
"407","SFDAM_2014","SFDAM_20140723",2014,"SFDAM","CA-SFDAM",1,"San Felipe Ranch","Grant","Santa Clara",1,37.28852,-121.68514,9204.5,407,12,0,0,17,14.12,0.27,4.59,240.04
"408","VPPND001_2014","VPPND001_20140529",2014,"VPPND001","VPPND001",4,"Vargas Plateau Regional Preserve","Pleasanton","Alameda",1,37.57819,-121.93931,389.86,80,10,0,0,1,41,0,0,41
"409","VPPND004_2014","VPPND004_20140529",2014,"VPPND004","VPPND004",4,"Vargas Plateau Regional Preserve","Pleasanton","Alameda",1,37.57819,-121.94927,424.07,84,10,0.3,0,4,1.25,0,0,5
"410","VPPND005_2014","VPPND005_20140529",2014,"VPPND005","VPPND005",3,"Vargas Plateau Regional Preserve","Pleasanton","Alameda",1,37.5898,-121.94443,251.36,62,9,0,0,2,246,0.5,1,492
